order_id,user_id,amount,created_at
1,1,10.0,2024-10-01 00:00:00
2,2,20.0,2024-10-01 00:00:00
3,3,30.0,2024-10-01 00:00:00
4,4,40.0,2024-10-01 00:00:00
5,5,50.0,2024-10-01 00:00:00
6,6,60.0,2024-10-01 00:00:00
7,7,70.0,2024-10-01 00:00:00
8,8,80.0,2024-10-01 00:00:00
9,9,90.0,2024-10-01 00:00:00
10,10,100.0,2024-10-01 00:00:00
11,11,10.0,2024-10-01 00:00:00
12,12,20.0,2024-10-01 00:00:00
13,13,30.0,2024-10-01 00:00:00
14,14,40.0,2024-10-01 00:00:00
15,15,50.0,2024-10-01 00:00:00
16,16,60.0,2024-10-01 00:00:00
17,17,70.0,2024-10-01 00:00:00
18,18,80.0,2024-10-01 00:00:00
19,19,90.0,2024-10-01 00:00:00
20,20,100.0,2024-10-01 00:00:00
21,21,10.0,2024-10-01 00:00:00
22,22,20.0,2024-10-01 00:00:00
23,23,30.0,2024-10-01 00:00:00
24,24,40.0,2024-10-01 00:00:00
25,25,50.0,2024-10-01 00:00:00
26,26,60.0,2024-10-01 00:00:00
27,27,70.0,2024-10-01 00:00:00
28,28,80.0,2024-10-01 00:00:00
29,29,90.0,2024-10-01 00:00:00
30,30,100.0,2024-10-01 00:00:00
31,31,10.0,2024-10-01 00:00:00
32,32,20.0,2024-10-01 00:00:00
33,33,30.0,2024-10-01 00:00:00
34,34,40.0,2024-10-01 00:00:00
35,35,50.0,2024-10-01 00:00:00
36,36,60.0,2024-10-01 00:00:00
37,37,70.0,2024-10-01 00:00:00
38,38,80.0,2024-10-01 00:00:00
39,39,90.0,2024-10-01 00:00:00
40,40,100.0,2024-10-01 00:00:00
41,41,10.0,2024-10-01 00:00:00
42,42,20.0,2024-10-01 00:00:00
43,43,30.0,2024-10-01 00:00:00
44,44,40.0,2024-10-01 00:00:00
45,45,50.0,2024-10-01 00:00:00
46,46,60.0,2024-10-01 00:00:00
47,47,70.0,2024-10-01 00:00:00
48,48,80.0,2024-10-01 00:00:00
49,49,90.0,2024-10-01 00:00:00
50,50,100.0,2024-10-01 00:00:00
51,51,10.0,2024-10-01 00:00:00
52,52,20.0,2024-10-01 00:00:00
53,53,30.0,2024-10-01 00:00:00
54,54,40.0,2024-10-01 00:00:00
55,55,50.0,2024-10-01 00:00:00
56,56,60.0,2024-10-01 00:00:00
57,57,70.0,2024-10-01 00:00:00
58,58,80.0,2024-10-01 00:00:00
59,59,90.0,2024-10-01 00:00:00
60,60,100.0,2024-10-01 00:00:00
61,61,10.0,2024-10-01 00:00:00
62,62,20.0,2024-10-01 00:00:00
63,63,30.0,2024-10-01 00:00:00
64,64,40.0,2024-10-01 00:00:00
65,65,50.0,2024-10-01 00:00:00
66,66,60.0,2024-10-01 00:00:00
67,67,70.0,2024-10-01 00:00:00
68,68,80.0,2024-10-01 00:00:00
69,69,90.0,2024-10-01 00:00:00
70,70,100.0,2024-10-01 00:00:00
71,71,10.0,2024-10-01 00:00:00
72,72,20.0,2024-10-01 00:00:00
73,73,30.0,2024-10-01 00:00:00
74,74,40.0,2024-10-01 00:00:00
75,75,50.0,2024-10-01 00:00:00
76,76,60.0,2024-10-01 00:00:00
77,77,70.0,2024-10-01 00:00:00
78,78,80.0,2024-10-01 00:00:00
79,79,90.0,2024-10-01 00:00:00
80,80,100.0,2024-10-01 00:00:00
81,81,10.0,2024-10-01 00:00:00
82,82,20.0,2024-10-01 00:00:00
83,83,30.0,2024-10-01 00:00:00
84,84,40.0,2024-10-01 00:00:00
85,85,50.0,2024-10-01 00:00:00
86,86,60.0,2024-10-01 00:00:00
87,87,70.0,2024-10-01 00:00:00
88,88,80.0,2024-10-01 00:00:00
89,89,90.0,2024-10-01 00:00:00
90,90,100.0,2024-10-01 00:00:00
91,91,10.0,2024-10-01 00:00:00
92,92,20.0,2024-10-01 00:00:00
93,93,30.0,2024-10-01 00:00:00
94,94,40.0,2024-10-01 00:00:00
95,95,50.0,2024-10-01 00:00:00
96,96,60.0,2024-10-01 00:00:00
97,97,70.0,2024-10-01 00:00:00
98,98,80.0,2024-10-01 00:00:00
99,99,90.0,2024-10-01 00:00:00
100,100,100.0,2024-10-01 00:00:00
101,101,10.0,2024-10-01 00:00:00
102,102,20.0,2024-10-01 00:00:00
103,103,30.0,2024-10-01 00:00:00
104,104,40.0,2024-10-01 00:00:00
105,105,50.0,2024-10-01 00:00:00
106,106,60.0,2024-10-01 00:00:00
107,107,70.0,2024-10-01 00:00:00
108,108,80.0,2024-10-01 00:00:00
109,109,90.0,2024-10-01 00:00:00
110,110,100.0,2024-10-01 00:00:00
111,111,10.0,2024-10-01 00:00:00
112,112,20.0,2024-10-01 00:00:00
113,113,30.0,2024-10-01 00:00:00
114,114,40.0,2024-10-01 00:00:00
115,115,50.0,2024-10-01 00:00:00
116,116,60.0,2024-10-01 00:00:00
117,117,70.0,2024-10-01 00:00:00
118,118,80.0,2024-10-01 00:00:00
119,119,90.0,2024-10-01 00:00:00
120,120,100.0,2024-10-01 00:00:00
121,121,10.0,2024-10-01 00:00:00
122,122,20.0,2024-10-01 00:00:00
123,123,30.0,2024-10-01 00:00:00
124,124,40.0,2024-10-01 00:00:00
125,125,50.0,2024-10-01 00:00:00
126,126,60.0,2024-10-01 00:00:00
127,127,70.0,2024-10-01 00:00:00
128,128,80.0,2024-10-01 00:00:00
129,129,90.0,2024-10-01 00:00:00
130,130,100.0,2024-10-01 00:00:00
131,131,10.0,2024-10-01 00:00:00
132,132,20.0,2024-10-01 00:00:00
133,133,30.0,2024-10-01 00:00:00
134,134,40.0,2024-10-01 00:00:00
135,135,50.0,2024-10-01 00:00:00
136,136,60.0,2024-10-01 00:00:00
137,137,70.0,2024-10-01 00:00:00
138,138,80.0,2024-10-01 00:00:00
139,139,90.0,2024-10-01 00:00:00
140,140,100.0,2024-10-01 00:00:00
141,141,10.0,2024-10-01 00:00:00
142,142,20.0,2024-10-01 00:00:00
143,143,30.0,2024-10-01 00:00:00
144,144,40.0,2024-10-01 00:00:00
145,145,50.0,2024-10-01 00:00:00
146,146,60.0,2024-10-01 00:00:00
147,147,70.0,2024-10-01 00:00:00
148,148,80.0,2024-10-01 00:00:00
149,149,90.0,2024-10-01 00:00:00
150,150,100.0,2024-10-01 00:00:00
151,151,10.0,2024-10-01 00:00:00
152,152,20.0,2024-10-01 00:00:00
153,153,30.0,2024-10-01 00:00:00
154,154,40.0,2024-10-01 00:00:00
155,155,50.0,2024-10-01 00:00:00
156,156,60.0,2024-10-01 00:00:00
157,157,70.0,2024-10-01 00:00:00
158,158,80.0,2024-10-01 00:00:00
159,159,90.0,2024-10-01 00:00:00
160,160,100.0,2024-10-01 00:00:00
161,161,10.0,2024-10-01 00:00:00
162,162,20.0,2024-10-01 00:00:00
163,163,30.0,2024-10-01 00:00:00
164,164,40.0,2024-10-01 00:00:00
165,165,50.0,2024-10-01 00:00:00
166,166,60.0,2024-10-01 00:00:00
167,167,70.0,2024-10-01 00:00:00
168,168,80.0,2024-10-01 00:00:00
169,169,90.0,2024-10-01 00:00:00
170,170,100.0,2024-10-01 00:00:00
171,171,10.0,2024-10-01 00:00:00
172,172,20.0,2024-10-01 00:00:00
173,173,30.0,2024-10-01 00:00:00
174,174,40.0,2024-10-01 00:00:00
175,175,50.0,2024-10-01 00:00:00
176,176,60.0,2024-10-01 00:00:00
177,177,70.0,2024-10-01 00:00:00
178,178,80.0,2024-10-01 00:00:00
179,179,90.0,2024-10-01 00:00:00
180,180,100.0,2024-10-01 00:00:00
181,181,10.0,2024-10-01 00:00:00
182,182,20.0,2024-10-01 00:00:00
183,183,30.0,2024-10-01 00:00:00
184,184,40.0,2024-10-01 00:00:00
185,185,50.0,2024-10-01 00:00:00
186,186,60.0,2024-10-01 00:00:00
187,187,70.0,2024-10-01 00:00:00
188,188,80.0,2024-10-01 00:00:00
189,189,90.0,2024-10-01 00:00:00
190,190,100.0,2024-10-01 00:00:00
191,191,10.0,2024-10-01 00:00:00
192,192,20.0,2024-10-01 00:00:00
193,193,30.0,2024-10-01 00:00:00
194,194,40.0,2024-10-01 00:00:00
195,195,50.0,2024-10-01 00:00:00
196,196,60.0,2024-10-01 00:00:00
197,197,70.0,2024-10-01 00:00:00
198,198,80.0,2024-10-01 00:00:00
199,199,90.0,2024-10-01 00:00:00
200,200,100.0,2024-10-01 00:00:00
201,201,10.0,2024-10-01 00:00:00
202,202,20.0,2024-10-01 00:00:00
203,203,30.0,2024-10-01 00:00:00
204,204,40.0,2024-10-01 00:00:00
205,205,50.0,2024-10-01 00:00:00
206,206,60.0,2024-10-01 00:00:00
207,207,70.0,2024-10-01 00:00:00
208,208,80.0,2024-10-01 00:00:00
209,209,90.0,2024-10-01 00:00:00
210,210,100.0,2024-10-01 00:00:00
211,211,10.0,2024-10-01 00:00:00
212,212,20.0,2024-10-01 00:00:00
213,213,30.0,2024-10-01 00:00:00
214,214,40.0,2024-10-01 00:00:00
215,215,50.0,2024-10-01 00:00:00
216,216,60.0,2024-10-01 00:00:00
217,217,70.0,2024-10-01 00:00:00
218,218,80.0,2024-10-01 00:00:00
219,219,90.0,2024-10-01 00:00:00
220,220,100.0,2024-10-01 00:00:00
221,221,10.0,2024-10-01 00:00:00
222,222,20.0,2024-10-01 00:00:00
223,223,30.0,2024-10-01 00:00:00
224,224,40.0,2024-10-01 00:00:00
225,225,50.0,2024-10-01 00:00:00
226,226,60.0,2024-10-01 00:00:00
227,227,70.0,2024-10-01 00:00:00
228,228,80.0,2024-10-01 00:00:00
229,229,90.0,2024-10-01 00:00:00
230,230,100.0,2024-10-01 00:00:00
231,231,10.0,2024-10-01 00:00:00
232,232,20.0,2024-10-01 00:00:00
233,233,30.0,2024-10-01 00:00:00
234,234,40.0,2024-10-01 00:00:00
235,235,50.0,2024-10-01 00:00:00
236,236,60.0,2024-10-01 00:00:00
237,237,70.0,2024-10-01 00:00:00
238,238,80.0,2024-10-01 00:00:00
239,239,90.0,2024-10-01 00:00:00
240,240,100.0,2024-10-01 00:00:00
241,241,10.0,2024-10-01 00:00:00
242,242,20.0,2024-10-01 00:00:00
243,243,30.0,2024-10-01 00:00:00
244,244,40.0,2024-10-01 00:00:00
245,245,50.0,2024-10-01 00:00:00
246,246,60.0,2024-10-01 00:00:00
247,247,70.0,2024-10-01 00:00:00
248,248,80.0,2024-10-01 00:00:00
249,249,90.0,2024-10-01 00:00:00
250,250,100.0,2024-10-01 00:00:00
251,251,10.0,2024-10-01 00:00:00
252,252,20.0,2024-10-01 00:00:00
253,253,30.0,2024-10-01 00:00:00
254,254,40.0,2024-10-01 00:00:00
255,255,50.0,2024-10-01 00:00:00
256,256,60.0,2024-10-01 00:00:00
257,257,70.0,2024-10-01 00:00:00
258,258,80.0,2024-10-01 00:00:00
259,259,90.0,2024-10-01 00:00:00
260,260,100.0,2024-10-01 00:00:00
261,261,10.0,2024-10-01 00:00:00
262,262,20.0,2024-10-01 00:00:00
263,263,30.0,2024-10-01 00:00:00
264,264,40.0,2024-10-01 00:00:00
265,265,50.0,2024-10-01 00:00:00
266,266,60.0,2024-10-01 00:00:00
267,267,70.0,2024-10-01 00:00:00
268,268,80.0,2024-10-01 00:00:00
269,269,90.0,2024-10-01 00:00:00
270,270,100.0,2024-10-01 00:00:00
271,271,10.0,2024-10-01 00:00:00
272,272,20.0,2024-10-01 00:00:00
273,273,30.0,2024-10-01 00:00:00
274,274,40.0,2024-10-01 00:00:00
275,275,50.0,2024-10-01 00:00:00
276,276,60.0,2024-10-01 00:00:00
277,277,70.0,2024-10-01 00:00:00
278,278,80.0,2024-10-01 00:00:00
279,279,90.0,2024-10-01 00:00:00
280,280,100.0,2024-10-01 00:00:00
281,281,10.0,2024-10-01 00:00:00
282,282,20.0,2024-10-01 00:00:00
283,283,30.0,2024-10-01 00:00:00
284,284,40.0,2024-10-01 00:00:00
285,285,50.0,2024-10-01 00:00:00
286,286,60.0,2024-10-01 00:00:00
287,287,70.0,2024-10-01 00:00:00
288,288,80.0,2024-10-01 00:00:00
289,289,90.0,2024-10-01 00:00:00
290,290,100.0,2024-10-01 00:00:00
291,291,10.0,2024-10-01 00:00:00
292,292,20.0,2024-10-01 00:00:00
293,293,30.0,2024-10-01 00:00:00
294,294,40.0,2024-10-01 00:00:00
295,295,50.0,2024-10-01 00:00:00
296,296,60.0,2024-10-01 00:00:00
297,297,70.0,2024-10-01 00:00:00
298,298,80.0,2024-10-01 00:00:00
299,299,90.0,2024-10-01 00:00:00
300,300,100.0,2024-10-01 00:00:00
301,301,10.0,2024-10-01 00:00:00
302,302,20.0,2024-10-01 00:00:00
303,303,30.0,2024-10-01 00:00:00
304,304,40.0,2024-10-01 00:00:00
305,305,50.0,2024-10-01 00:00:00
306,306,60.0,2024-10-01 00:00:00
307,307,70.0,2024-10-01 00:00:00
308,308,80.0,2024-10-01 00:00:00
309,309,90.0,2024-10-01 00:00:00
310,310,100.0,2024-10-01 00:00:00
311,311,10.0,2024-10-01 00:00:00
312,312,20.0,2024-10-01 00:00:00
313,313,30.0,2024-10-01 00:00:00
314,314,40.0,2024-10-01 00:00:00
315,315,50.0,2024-10-01 00:00:00
316,316,60.0,2024-10-01 00:00:00
317,317,70.0,2024-10-01 00:00:00
318,318,80.0,2024-10-01 00:00:00
319,319,90.0,2024-10-01 00:00:00
320,320,100.0,2024-10-01 00:00:00
321,321,10.0,2024-10-01 00:00:00
322,322,20.0,2024-10-01 00:00:00
323,323,30.0,2024-10-01 00:00:00
324,324,40.0,2024-10-01 00:00:00
325,325,50.0,2024-10-01 00:00:00
326,326,60.0,2024-10-01 00:00:00
327,327,70.0,2024-10-01 00:00:00
328,328,80.0,2024-10-01 00:00:00
329,329,90.0,2024-10-01 00:00:00
330,330,100.0,2024-10-01 00:00:00
331,331,10.0,2024-10-01 00:00:00
332,332,20.0,2024-10-01 00:00:00
333,333,30.0,2024-10-01 00:00:00
334,334,40.0,2024-10-01 00:00:00
335,335,50.0,2024-10-01 00:00:00
336,336,60.0,2024-10-01 00:00:00
337,337,70.0,2024-10-01 00:00:00
338,338,80.0,2024-10-01 00:00:00
339,339,90.0,2024-10-01 00:00:00
340,340,100.0,2024-10-01 00:00:00
341,341,10.0,2024-10-01 00:00:00
342,342,20.0,2024-10-01 00:00:00
343,343,30.0,2024-10-01 00:00:00
344,344,40.0,2024-10-01 00:00:00
345,345,50.0,2024-10-01 00:00:00
346,346,60.0,2024-10-01 00:00:00
347,347,70.0,2024-10-01 00:00:00
348,348,80.0,2024-10-01 00:00:00
349,349,90.0,2024-10-01 00:00:00
350,350,100.0,2024-10-01 00:00:00
351,351,10.0,2024-10-01 00:00:00
352,352,20.0,2024-10-01 00:00:00
353,353,30.0,2024-10-01 00:00:00
354,354,40.0,2024-10-01 00:00:00
355,355,50.0,2024-10-01 00:00:00
356,356,60.0,2024-10-01 00:00:00
357,357,70.0,2024-10-01 00:00:00
358,358,80.0,2024-10-01 00:00:00
359,359,90.0,2024-10-01 00:00:00
360,360,100.0,2024-10-01 00:00:00
361,361,10.0,2024-10-01 00:00:00
362,362,20.0,2024-10-01 00:00:00
363,363,30.0,2024-10-01 00:00:00
364,364,40.0,2024-10-01 00:00:00
365,365,50.0,2024-10-01 00:00:00
366,366,60.0,2024-10-01 00:00:00
367,367,70.0,2024-10-01 00:00:00
368,368,80.0,2024-10-01 00:00:00
369,369,90.0,2024-10-01 00:00:00
370,370,100.0,2024-10-01 00:00:00
371,371,10.0,2024-10-01 00:00:00
372,372,20.0,2024-10-01 00:00:00
373,373,30.0,2024-10-01 00:00:00
374,374,40.0,2024-10-01 00:00:00
375,375,50.0,2024-10-01 00:00:00
376,376,60.0,2024-10-01 00:00:00
377,377,70.0,2024-10-01 00:00:00
378,378,80.0,2024-10-01 00:00:00
379,379,90.0,2024-10-01 00:00:00
380,380,100.0,2024-10-01 00:00:00
381,381,10.0,2024-10-01 00:00:00
382,382,20.0,2024-10-01 00:00:00
383,383,30.0,2024-10-01 00:00:00
384,384,40.0,2024-10-01 00:00:00
385,385,50.0,2024-10-01 00:00:00
386,386,60.0,2024-10-01 00:00:00
387,387,70.0,2024-10-01 00:00:00
388,388,80.0,2024-10-01 00:00:00
389,389,90.0,2024-10-01 00:00:00
390,390,100.0,2024-10-01 00:00:00
391,391,10.0,2024-10-01 00:00:00
392,392,20.0,2024-10-01 00:00:00
393,393,30.0,2024-10-01 00:00:00
394,394,40.0,2024-10-01 00:00:00
395,395,50.0,2024-10-01 00:00:00
396,396,60.0,2024-10-01 00:00:00
397,397,70.0,2024-10-01 00:00:00
398,398,80.0,2024-10-01 00:00:00
399,399,90.0,2024-10-01 00:00:00
400,400,100.0,2024-10-01 00:00:00
401,401,10.0,2024-10-01 00:00:00
402,402,20.0,2024-10-01 00:00:00
403,403,30.0,2024-10-01 00:00:00
404,404,40.0,2024-10-01 00:00:00
405,405,50.0,2024-10-01 00:00:00
406,406,60.0,2024-10-01 00:00:00
407,407,70.0,2024-10-01 00:00:00
408,408,80.0,2024-10-01 00:00:00
409,409,90.0,2024-10-01 00:00:00
410,410,100.0,2024-10-01 00:00:00
411,411,10.0,2024-10-01 00:00:00
412,412,20.0,2024-10-01 00:00:00
413,413,30.0,2024-10-01 00:00:00
414,414,40.0,2024-10-01 00:00:00
415,415,50.0,2024-10-01 00:00:00
416,416,60.0,2024-10-01 00:00:00
417,417,70.0,2024-10-01 00:00:00
418,418,80.0,2024-10-01 00:00:00
419,419,90.0,2024-10-01 00:00:00
420,420,100.0,2024-10-01 00:00:00
421,421,10.0,2024-10-01 00:00:00
422,422,20.0,2024-10-01 00:00:00
423,423,30.0,2024-10-01 00:00:00
424,424,40.0,2024-10-01 00:00:00
425,425,50.0,2024-10-01 00:00:00
426,426,60.0,2024-10-01 00:00:00
427,427,70.0,2024-10-01 00:00:00
428,428,80.0,2024-10-01 00:00:00
429,429,90.0,2024-10-01 00:00:00
430,430,100.0,2024-10-01 00:00:00
431,431,10.0,2024-10-01 00:00:00
432,432,20.0,2024-10-01 00:00:00
433,433,30.0,2024-10-01 00:00:00
434,434,40.0,2024-10-01 00:00:00
435,435,50.0,2024-10-01 00:00:00
436,436,60.0,2024-10-01 00:00:00
437,437,70.0,2024-10-01 00:00:00
438,438,80.0,2024-10-01 00:00:00
439,439,90.0,2024-10-01 00:00:00
440,440,100.0,2024-10-01 00:00:00
441,441,10.0,2024-10-01 00:00:00
442,442,20.0,2024-10-01 00:00:00
443,443,30.0,2024-10-01 00:00:00
444,444,40.0,2024-10-01 00:00:00
445,445,50.0,2024-10-01 00:00:00
446,446,60.0,2024-10-01 00:00:00
447,447,70.0,2024-10-01 00:00:00
448,448,80.0,2024-10-01 00:00:00
449,449,90.0,2024-10-01 00:00:00
450,450,100.0,2024-10-01 00:00:00
451,451,10.0,2024-10-01 00:00:00
452,452,20.0,2024-10-01 00:00:00
453,453,30.0,2024-10-01 00:00:00
454,454,40.0,2024-10-01 00:00:00
455,455,50.0,2024-10-01 00:00:00
456,456,60.0,2024-10-01 00:00:00
457,457,70.0,2024-10-01 00:00:00
458,458,80.0,2024-10-01 00:00:00
459,459,90.0,2024-10-01 00:00:00
460,460,100.0,2024-10-01 00:00:00
461,461,10.0,2024-10-01 00:00:00
462,462,20.0,2024-10-01 00:00:00
463,463,30.0,2024-10-01 00:00:00
464,464,40.0,2024-10-01 00:00:00
465,465,50.0,2024-10-01 00:00:00
466,466,60.0,2024-10-01 00:00:00
467,467,70.0,2024-10-01 00:00:00
468,468,80.0,2024-10-01 00:00:00
469,469,90.0,2024-10-01 00:00:00
470,470,100.0,2024-10-01 00:00:00
471,471,10.0,2024-10-01 00:00:00
472,472,20.0,2024-10-01 00:00:00
473,473,30.0,2024-10-01 00:00:00
474,474,40.0,2024-10-01 00:00:00
475,475,50.0,2024-10-01 00:00:00
476,476,60.0,2024-10-01 00:00:00
477,477,70.0,2024-10-01 00:00:00
478,478,80.0,2024-10-01 00:00:00
479,479,90.0,2024-10-01 00:00:00
480,480,100.0,2024-10-01 00:00:00
481,481,10.0,2024-10-01 00:00:00
482,482,20.0,2024-10-01 00:00:00
483,483,30.0,2024-10-01 00:00:00
484,484,40.0,2024-10-01 00:00:00
485,485,50.0,2024-10-01 00:00:00
486,486,60.0,2024-10-01 00:00:00
487,487,70.0,2024-10-01 00:00:00
488,488,80.0,2024-10-01 00:00:00
489,489,90.0,2024-10-01 00:00:00
490,490,100.0,2024-10-01 00:00:00
491,491,10.0,2024-10-01 00:00:00
492,492,20.0,2024-10-01 00:00:00
493,493,30.0,2024-10-01 00:00:00
494,494,40.0,2024-10-01 00:00:00
495,495,50.0,2024-10-01 00:00:00
496,496,60.0,2024-10-01 00:00:00
497,497,70.0,2024-10-01 00:00:00
498,498,80.0,2024-10-01 00:00:00
499,499,90.0,2024-10-01 00:00:00
500,500,100.0,2024-10-01 00:00:00
501,501,10.0,2024-10-01 00:00:00
502,502,20.0,2024-10-01 00:00:00
503,503,30.0,2024-10-01 00:00:00
504,504,40.0,2024-10-01 00:00:00
505,505,50.0,2024-10-01 00:00:00
506,506,60.0,2024-10-01 00:00:00
507,507,70.0,2024-10-01 00:00:00
508,508,80.0,2024-10-01 00:00:00
509,509,90.0,2024-10-01 00:00:00
510,510,100.0,2024-10-01 00:00:00
511,511,10.0,2024-10-01 00:00:00
512,512,20.0,2024-10-01 00:00:00
513,513,30.0,2024-10-01 00:00:00
514,514,40.0,2024-10-01 00:00:00
515,515,50.0,2024-10-01 00:00:00
516,516,60.0,2024-10-01 00:00:00
517,517,70.0,2024-10-01 00:00:00
518,518,80.0,2024-10-01 00:00:00
519,519,90.0,2024-10-01 00:00:00
520,520,100.0,2024-10-01 00:00:00
521,521,10.0,2024-10-01 00:00:00
522,522,20.0,2024-10-01 00:00:00
523,523,30.0,2024-10-01 00:00:00
524,524,40.0,2024-10-01 00:00:00
525,525,50.0,2024-10-01 00:00:00
526,526,60.0,2024-10-01 00:00:00
527,527,70.0,2024-10-01 00:00:00
528,528,80.0,2024-10-01 00:00:00
529,529,90.0,2024-10-01 00:00:00
530,530,100.0,2024-10-01 00:00:00
531,531,10.0,2024-10-01 00:00:00
532,532,20.0,2024-10-01 00:00:00
533,533,30.0,2024-10-01 00:00:00
534,534,40.0,2024-10-01 00:00:00
535,535,50.0,2024-10-01 00:00:00
536,536,60.0,2024-10-01 00:00:00
537,537,70.0,2024-10-01 00:00:00
538,538,80.0,2024-10-01 00:00:00
539,539,90.0,2024-10-01 00:00:00
540,540,100.0,2024-10-01 00:00:00
541,541,10.0,2024-10-01 00:00:00
542,542,20.0,2024-10-01 00:00:00
543,543,30.0,2024-10-01 00:00:00
544,544,40.0,2024-10-01 00:00:00
545,545,50.0,2024-10-01 00:00:00
546,546,60.0,2024-10-01 00:00:00
547,547,70.0,2024-10-01 00:00:00
548,548,80.0,2024-10-01 00:00:00
549,549,90.0,2024-10-01 00:00:00
550,550,100.0,2024-10-01 00:00:00
551,551,10.0,2024-10-01 00:00:00
552,552,20.0,2024-10-01 00:00:00
553,553,30.0,2024-10-01 00:00:00
554,554,40.0,2024-10-01 00:00:00
555,555,50.0,2024-10-01 00:00:00
556,556,60.0,2024-10-01 00:00:00
557,557,70.0,2024-10-01 00:00:00
558,558,80.0,2024-10-01 00:00:00
559,559,90.0,2024-10-01 00:00:00
560,560,100.0,2024-10-01 00:00:00
561,561,10.0,2024-10-01 00:00:00
562,562,20.0,2024-10-01 00:00:00
563,563,30.0,2024-10-01 00:00:00
564,564,40.0,2024-10-01 00:00:00
565,565,50.0,2024-10-01 00:00:00
566,566,60.0,2024-10-01 00:00:00
567,567,70.0,2024-10-01 00:00:00
568,568,80.0,2024-10-01 00:00:00
569,569,90.0,2024-10-01 00:00:00
570,570,100.0,2024-10-01 00:00:00
571,571,10.0,2024-10-01 00:00:00
572,572,20.0,2024-10-01 00:00:00
573,573,30.0,2024-10-01 00:00:00
574,574,40.0,2024-10-01 00:00:00
575,575,50.0,2024-10-01 00:00:00
576,576,60.0,2024-10-01 00:00:00
577,577,70.0,2024-10-01 00:00:00
578,578,80.0,2024-10-01 00:00:00
579,579,90.0,2024-10-01 00:00:00
580,580,100.0,2024-10-01 00:00:00
581,581,10.0,2024-10-01 00:00:00
582,582,20.0,2024-10-01 00:00:00
583,583,30.0,2024-10-01 00:00:00
584,584,40.0,2024-10-01 00:00:00
585,585,50.0,2024-10-01 00:00:00
586,586,60.0,2024-10-01 00:00:00
587,587,70.0,2024-10-01 00:00:00
588,588,80.0,2024-10-01 00:00:00
589,589,90.0,2024-10-01 00:00:00
590,590,100.0,2024-10-01 00:00:00
591,591,10.0,2024-10-01 00:00:00
592,592,20.0,2024-10-01 00:00:00
593,593,30.0,2024-10-01 00:00:00
594,594,40.0,2024-10-01 00:00:00
595,595,50.0,2024-10-01 00:00:00
596,596,60.0,2024-10-01 00:00:00
597,597,70.0,2024-10-01 00:00:00
598,598,80.0,2024-10-01 00:00:00
599,599,90.0,2024-10-01 00:00:00
600,600,100.0,2024-10-01 00:00:00
601,601,10.0,2024-10-01 00:00:00
602,602,20.0,2024-10-01 00:00:00
603,603,30.0,2024-10-01 00:00:00
604,604,40.0,2024-10-01 00:00:00
605,605,50.0,2024-10-01 00:00:00
606,606,60.0,2024-10-01 00:00:00
607,607,70.0,2024-10-01 00:00:00
608,608,80.0,2024-10-01 00:00:00
609,609,90.0,2024-10-01 00:00:00
610,610,100.0,2024-10-01 00:00:00
611,611,10.0,2024-10-01 00:00:00
612,612,20.0,2024-10-01 00:00:00
613,613,30.0,2024-10-01 00:00:00
614,614,40.0,2024-10-01 00:00:00
615,615,50.0,2024-10-01 00:00:00
616,616,60.0,2024-10-01 00:00:00
617,617,70.0,2024-10-01 00:00:00
618,618,80.0,2024-10-01 00:00:00
619,619,90.0,2024-10-01 00:00:00
620,620,100.0,2024-10-01 00:00:00
621,621,10.0,2024-10-01 00:00:00
622,622,20.0,2024-10-01 00:00:00
623,623,30.0,2024-10-01 00:00:00
624,624,40.0,2024-10-01 00:00:00
625,625,50.0,2024-10-01 00:00:00
626,626,60.0,2024-10-01 00:00:00
627,627,70.0,2024-10-01 00:00:00
628,628,80.0,2024-10-01 00:00:00
629,629,90.0,2024-10-01 00:00:00
630,630,100.0,2024-10-01 00:00:00
631,631,10.0,2024-10-01 00:00:00
632,632,20.0,2024-10-01 00:00:00
633,633,30.0,2024-10-01 00:00:00
634,634,40.0,2024-10-01 00:00:00
635,635,50.0,2024-10-01 00:00:00
636,636,60.0,2024-10-01 00:00:00
637,637,70.0,2024-10-01 00:00:00
638,638,80.0,2024-10-01 00:00:00
639,639,90.0,2024-10-01 00:00:00
640,640,100.0,2024-10-01 00:00:00
641,641,10.0,2024-10-01 00:00:00
642,642,20.0,2024-10-01 00:00:00
643,643,30.0,2024-10-01 00:00:00
644,644,40.0,2024-10-01 00:00:00
645,645,50.0,2024-10-01 00:00:00
646,646,60.0,2024-10-01 00:00:00
647,647,70.0,2024-10-01 00:00:00
648,648,80.0,2024-10-01 00:00:00
649,649,90.0,2024-10-01 00:00:00
650,650,100.0,2024-10-01 00:00:00
651,651,10.0,2024-10-01 00:00:00
652,652,20.0,2024-10-01 00:00:00
653,653,30.0,2024-10-01 00:00:00
654,654,40.0,2024-10-01 00:00:00
655,655,50.0,2024-10-01 00:00:00
656,656,60.0,2024-10-01 00:00:00
657,657,70.0,2024-10-01 00:00:00
658,658,80.0,2024-10-01 00:00:00
659,659,90.0,2024-10-01 00:00:00
660,660,100.0,2024-10-01 00:00:00
661,661,10.0,2024-10-01 00:00:00
662,662,20.0,2024-10-01 00:00:00
663,663,30.0,2024-10-01 00:00:00
664,664,40.0,2024-10-01 00:00:00
665,665,50.0,2024-10-01 00:00:00
666,666,60.0,2024-10-01 00:00:00
667,667,70.0,2024-10-01 00:00:00
668,668,80.0,2024-10-01 00:00:00
669,669,90.0,2024-10-01 00:00:00
670,670,100.0,2024-10-01 00:00:00
671,671,10.0,2024-10-01 00:00:00
672,672,20.0,2024-10-01 00:00:00
673,673,30.0,2024-10-01 00:00:00
674,674,40.0,2024-10-01 00:00:00
675,675,50.0,2024-10-01 00:00:00
676,676,60.0,2024-10-01 00:00:00
677,677,70.0,2024-10-01 00:00:00
678,678,80.0,2024-10-01 00:00:00
679,679,90.0,2024-10-01 00:00:00
680,680,100.0,2024-10-01 00:00:00
681,681,10.0,2024-10-01 00:00:00
682,682,20.0,2024-10-01 00:00:00
683,683,30.0,2024-10-01 00:00:00
684,684,40.0,2024-10-01 00:00:00
685,685,50.0,2024-10-01 00:00:00
686,686,60.0,2024-10-01 00:00:00
687,687,70.0,2024-10-01 00:00:00
688,688,80.0,2024-10-01 00:00:00
689,689,90.0,2024-10-01 00:00:00
690,690,100.0,2024-10-01 00:00:00
691,691,10.0,2024-10-01 00:00:00
692,692,20.0,2024-10-01 00:00:00
693,693,30.0,2024-10-01 00:00:00
694,694,40.0,2024-10-01 00:00:00
695,695,50.0,2024-10-01 00:00:00
696,696,60.0,2024-10-01 00:00:00
697,697,70.0,2024-10-01 00:00:00
698,698,80.0,2024-10-01 00:00:00
699,699,90.0,2024-10-01 00:00:00
700,700,100.0,2024-10-01 00:00:00
701,701,10.0,2024-10-01 00:00:00
702,702,20.0,2024-10-01 00:00:00
703,703,30.0,2024-10-01 00:00:00
704,704,40.0,2024-10-01 00:00:00
705,705,50.0,2024-10-01 00:00:00
706,706,60.0,2024-10-01 00:00:00
707,707,70.0,2024-10-01 00:00:00
708,708,80.0,2024-10-01 00:00:00
709,709,90.0,2024-10-01 00:00:00
710,710,100.0,2024-10-01 00:00:00
711,711,10.0,2024-10-01 00:00:00
712,712,20.0,2024-10-01 00:00:00
713,713,30.0,2024-10-01 00:00:00
714,714,40.0,2024-10-01 00:00:00
715,715,50.0,2024-10-01 00:00:00
716,716,60.0,2024-10-01 00:00:00
717,717,70.0,2024-10-01 00:00:00
718,718,80.0,2024-10-01 00:00:00
719,719,90.0,2024-10-01 00:00:00
720,720,100.0,2024-10-01 00:00:00
721,721,10.0,2024-10-01 00:00:00
722,722,20.0,2024-10-01 00:00:00
723,723,30.0,2024-10-01 00:00:00
724,724,40.0,2024-10-01 00:00:00
725,725,50.0,2024-10-01 00:00:00
726,726,60.0,2024-10-01 00:00:00
727,727,70.0,2024-10-01 00:00:00
728,728,80.0,2024-10-01 00:00:00
729,729,90.0,2024-10-01 00:00:00
730,730,100.0,2024-10-01 00:00:00
731,731,10.0,2024-10-01 00:00:00
732,732,20.0,2024-10-01 00:00:00
733,733,30.0,2024-10-01 00:00:00
734,734,40.0,2024-10-01 00:00:00
735,735,50.0,2024-10-01 00:00:00
736,736,60.0,2024-10-01 00:00:00
737,737,70.0,2024-10-01 00:00:00
738,738,80.0,2024-10-01 00:00:00
739,739,90.0,2024-10-01 00:00:00
740,740,100.0,2024-10-01 00:00:00
741,741,10.0,2024-10-01 00:00:00
742,742,20.0,2024-10-01 00:00:00
743,743,30.0,2024-10-01 00:00:00
744,744,40.0,2024-10-01 00:00:00
745,745,50.0,2024-10-01 00:00:00
746,746,60.0,2024-10-01 00:00:00
747,747,70.0,2024-10-01 00:00:00
748,748,80.0,2024-10-01 00:00:00
749,749,90.0,2024-10-01 00:00:00
750,750,100.0,2024-10-01 00:00:00
751,751,10.0,2024-10-01 00:00:00
752,752,20.0,2024-10-01 00:00:00
753,753,30.0,2024-10-01 00:00:00
754,754,40.0,2024-10-01 00:00:00
755,755,50.0,2024-10-01 00:00:00
756,756,60.0,2024-10-01 00:00:00
757,757,70.0,2024-10-01 00:00:00
758,758,80.0,2024-10-01 00:00:00
759,759,90.0,2024-10-01 00:00:00
760,760,100.0,2024-10-01 00:00:00
761,761,10.0,2024-10-01 00:00:00
762,762,20.0,2024-10-01 00:00:00
763,763,30.0,2024-10-01 00:00:00
764,764,40.0,2024-10-01 00:00:00
765,765,50.0,2024-10-01 00:00:00
766,766,60.0,2024-10-01 00:00:00
767,767,70.0,2024-10-01 00:00:00
768,768,80.0,2024-10-01 00:00:00
769,769,90.0,2024-10-01 00:00:00
770,770,100.0,2024-10-01 00:00:00
771,771,10.0,2024-10-01 00:00:00
772,772,20.0,2024-10-01 00:00:00
773,773,30.0,2024-10-01 00:00:00
774,774,40.0,2024-10-01 00:00:00
775,775,50.0,2024-10-01 00:00:00
776,776,60.0,2024-10-01 00:00:00
777,777,70.0,2024-10-01 00:00:00
778,778,80.0,2024-10-01 00:00:00
779,779,90.0,2024-10-01 00:00:00
780,780,100.0,2024-10-01 00:00:00
781,781,10.0,2024-10-01 00:00:00
782,782,20.0,2024-10-01 00:00:00
783,783,30.0,2024-10-01 00:00:00
784,784,40.0,2024-10-01 00:00:00
785,785,50.0,2024-10-01 00:00:00
786,786,60.0,2024-10-01 00:00:00
787,787,70.0,2024-10-01 00:00:00
788,788,80.0,2024-10-01 00:00:00
789,789,90.0,2024-10-01 00:00:00
790,790,100.0,2024-10-01 00:00:00
791,791,10.0,2024-10-01 00:00:00
792,792,20.0,2024-10-01 00:00:00
793,793,30.0,2024-10-01 00:00:00
794,794,40.0,2024-10-01 00:00:00
795,795,50.0,2024-10-01 00:00:00
796,796,60.0,2024-10-01 00:00:00
797,797,70.0,2024-10-01 00:00:00
798,798,80.0,2024-10-01 00:00:00
799,799,90.0,2024-10-01 00:00:00
800,800,100.0,2024-10-01 00:00:00
801,801,10.0,2024-10-01 00:00:00
802,802,20.0,2024-10-01 00:00:00
803,803,30.0,2024-10-01 00:00:00
804,804,40.0,2024-10-01 00:00:00
805,805,50.0,2024-10-01 00:00:00
806,806,60.0,2024-10-01 00:00:00
807,807,70.0,2024-10-01 00:00:00
808,808,80.0,2024-10-01 00:00:00
809,809,90.0,2024-10-01 00:00:00
810,810,100.0,2024-10-01 00:00:00
811,811,10.0,2024-10-01 00:00:00
812,812,20.0,2024-10-01 00:00:00
813,813,30.0,2024-10-01 00:00:00
814,814,40.0,2024-10-01 00:00:00
815,815,50.0,2024-10-01 00:00:00
816,816,60.0,2024-10-01 00:00:00
817,817,70.0,2024-10-01 00:00:00
818,818,80.0,2024-10-01 00:00:00
819,819,90.0,2024-10-01 00:00:00
820,820,100.0,2024-10-01 00:00:00
821,821,10.0,2024-10-01 00:00:00
822,822,20.0,2024-10-01 00:00:00
823,823,30.0,2024-10-01 00:00:00
824,824,40.0,2024-10-01 00:00:00
825,825,50.0,2024-10-01 00:00:00
826,826,60.0,2024-10-01 00:00:00
827,827,70.0,2024-10-01 00:00:00
828,828,80.0,2024-10-01 00:00:00
829,829,90.0,2024-10-01 00:00:00
830,830,100.0,2024-10-01 00:00:00
831,831,10.0,2024-10-01 00:00:00
832,832,20.0,2024-10-01 00:00:00
833,833,30.0,2024-10-01 00:00:00
834,834,40.0,2024-10-01 00:00:00
835,835,50.0,2024-10-01 00:00:00
836,836,60.0,2024-10-01 00:00:00
837,837,70.0,2024-10-01 00:00:00
838,838,80.0,2024-10-01 00:00:00
839,839,90.0,2024-10-01 00:00:00
840,840,100.0,2024-10-01 00:00:00
841,841,10.0,2024-10-01 00:00:00
842,842,20.0,2024-10-01 00:00:00
843,843,30.0,2024-10-01 00:00:00
844,844,40.0,2024-10-01 00:00:00
845,845,50.0,2024-10-01 00:00:00
846,846,60.0,2024-10-01 00:00:00
847,847,70.0,2024-10-01 00:00:00
848,848,80.0,2024-10-01 00:00:00
849,849,90.0,2024-10-01 00:00:00
850,850,100.0,2024-10-01 00:00:00
851,851,10.0,2024-10-01 00:00:00
852,852,20.0,2024-10-01 00:00:00
853,853,30.0,2024-10-01 00:00:00
854,854,40.0,2024-10-01 00:00:00
855,855,50.0,2024-10-01 00:00:00
856,856,60.0,2024-10-01 00:00:00
857,857,70.0,2024-10-01 00:00:00
858,858,80.0,2024-10-01 00:00:00
859,859,90.0,2024-10-01 00:00:00
860,860,100.0,2024-10-01 00:00:00
861,861,10.0,2024-10-01 00:00:00
862,862,20.0,2024-10-01 00:00:00
863,863,30.0,2024-10-01 00:00:00
864,864,40.0,2024-10-01 00:00:00
865,865,50.0,2024-10-01 00:00:00
866,866,60.0,2024-10-01 00:00:00
867,867,70.0,2024-10-01 00:00:00
868,868,80.0,2024-10-01 00:00:00
869,869,90.0,2024-10-01 00:00:00
870,870,100.0,2024-10-01 00:00:00
871,871,10.0,2024-10-01 00:00:00
872,872,20.0,2024-10-01 00:00:00
873,873,30.0,2024-10-01 00:00:00
874,874,40.0,2024-10-01 00:00:00
875,875,50.0,2024-10-01 00:00:00
876,876,60.0,2024-10-01 00:00:00
877,877,70.0,2024-10-01 00:00:00
878,878,80.0,2024-10-01 00:00:00
879,879,90.0,2024-10-01 00:00:00
880,880,100.0,2024-10-01 00:00:00
881,881,10.0,2024-10-01 00:00:00
882,882,20.0,2024-10-01 00:00:00
883,883,30.0,2024-10-01 00:00:00
884,884,40.0,2024-10-01 00:00:00
885,885,50.0,2024-10-01 00:00:00
886,886,60.0,2024-10-01 00:00:00
887,887,70.0,2024-10-01 00:00:00
888,888,80.0,2024-10-01 00:00:00
889,889,90.0,2024-10-01 00:00:00
890,890,100.0,2024-10-01 00:00:00
891,891,10.0,2024-10-01 00:00:00
892,892,20.0,2024-10-01 00:00:00
893,893,30.0,2024-10-01 00:00:00
894,894,40.0,2024-10-01 00:00:00
895,895,50.0,2024-10-01 00:00:00
896,896,60.0,2024-10-01 00:00:00
897,897,70.0,2024-10-01 00:00:00
898,898,80.0,2024-10-01 00:00:00
899,899,90.0,2024-10-01 00:00:00
900,900,100.0,2024-10-01 00:00:00
901,901,10.0,2024-10-01 00:00:00
902,902,20.0,2024-10-01 00:00:00
903,903,30.0,2024-10-01 00:00:00
904,904,40.0,2024-10-01 00:00:00
905,905,50.0,2024-10-01 00:00:00
906,906,60.0,2024-10-01 00:00:00
907,907,70.0,2024-10-01 00:00:00
908,908,80.0,2024-10-01 00:00:00
909,909,90.0,2024-10-01 00:00:00
910,910,100.0,2024-10-01 00:00:00
911,911,10.0,2024-10-01 00:00:00
912,912,20.0,2024-10-01 00:00:00
913,913,30.0,2024-10-01 00:00:00
914,914,40.0,2024-10-01 00:00:00
915,915,50.0,2024-10-01 00:00:00
916,916,60.0,2024-10-01 00:00:00
917,917,70.0,2024-10-01 00:00:00
918,918,80.0,2024-10-01 00:00:00
919,919,90.0,2024-10-01 00:00:00
920,920,100.0,2024-10-01 00:00:00
921,921,10.0,2024-10-01 00:00:00
922,922,20.0,2024-10-01 00:00:00
923,923,30.0,2024-10-01 00:00:00
924,924,40.0,2024-10-01 00:00:00
925,925,50.0,2024-10-01 00:00:00
926,926,60.0,2024-10-01 00:00:00
927,927,70.0,2024-10-01 00:00:00
928,928,80.0,2024-10-01 00:00:00
929,929,90.0,2024-10-01 00:00:00
930,930,100.0,2024-10-01 00:00:00
931,931,10.0,2024-10-01 00:00:00
932,932,20.0,2024-10-01 00:00:00
933,933,30.0,2024-10-01 00:00:00
934,934,40.0,2024-10-01 00:00:00
935,935,50.0,2024-10-01 00:00:00
936,936,60.0,2024-10-01 00:00:00
937,937,70.0,2024-10-01 00:00:00
938,938,80.0,2024-10-01 00:00:00
939,939,90.0,2024-10-01 00:00:00
940,940,100.0,2024-10-01 00:00:00
941,941,10.0,2024-10-01 00:00:00
942,942,20.0,2024-10-01 00:00:00
943,943,30.0,2024-10-01 00:00:00
944,944,40.0,2024-10-01 00:00:00
945,945,50.0,2024-10-01 00:00:00
946,946,60.0,2024-10-01 00:00:00
947,947,70.0,2024-10-01 00:00:00
948,948,80.0,2024-10-01 00:00:00
949,949,90.0,2024-10-01 00:00:00
950,950,100.0,2024-10-01 00:00:00
951,951,10.0,2024-10-01 00:00:00
952,952,20.0,2024-10-01 00:00:00
953,953,30.0,2024-10-01 00:00:00
954,954,40.0,2024-10-01 00:00:00
955,955,50.0,2024-10-01 00:00:00
956,956,60.0,2024-10-01 00:00:00
957,957,70.0,2024-10-01 00:00:00
958,958,80.0,2024-10-01 00:00:00
959,959,90.0,2024-10-01 00:00:00
960,960,100.0,2024-10-01 00:00:00
961,961,10.0,2024-10-01 00:00:00
962,962,20.0,2024-10-01 00:00:00
963,963,30.0,2024-10-01 00:00:00
964,964,40.0,2024-10-01 00:00:00
965,965,50.0,2024-10-01 00:00:00
966,966,60.0,2024-10-01 00:00:00
967,967,70.0,2024-10-01 00:00:00
968,968,80.0,2024-10-01 00:00:00
969,969,90.0,2024-10-01 00:00:00
970,970,100.0,2024-10-01 00:00:00
971,971,10.0,2024-10-01 00:00:00
972,972,20.0,2024-10-01 00:00:00
973,973,30.0,2024-10-01 00:00:00
974,974,40.0,2024-10-01 00:00:00
975,975,50.0,2024-10-01 00:00:00
976,976,60.0,2024-10-01 00:00:00
977,977,70.0,2024-10-01 00:00:00
978,978,80.0,2024-10-01 00:00:00
979,979,90.0,2024-10-01 00:00:00
980,980,100.0,2024-10-01 00:00:00
981,981,10.0,2024-10-01 00:00:00
982,982,20.0,2024-10-01 00:00:00
983,983,30.0,2024-10-01 00:00:00
984,984,40.0,2024-10-01 00:00:00
985,985,50.0,2024-10-01 00:00:00
986,986,60.0,2024-10-01 00:00:00
987,987,70.0,2024-10-01 00:00:00
988,988,80.0,2024-10-01 00:00:00
989,989,90.0,2024-10-01 00:00:00
990,990,100.0,2024-10-01 00:00:00
991,991,10.0,2024-10-01 00:00:00
992,992,20.0,2024-10-01 00:00:00
993,993,30.0,2024-10-01 00:00:00
994,994,40.0,2024-10-01 00:00:00
995,995,50.0,2024-10-01 00:00:00
996,996,60.0,2024-10-01 00:00:00
997,997,70.0,2024-10-01 00:00:00
998,998,80.0,2024-10-01 00:00:00
999,999,90.0,2024-10-01 00:00:00
1000,1000,100.0,2024-10-01 00:00:00
1001,1,10.0,2024-10-01 00:00:00
1002,2,20.0,2024-10-01 00:00:00
1003,3,30.0,2024-10-01 00:00:00
1004,4,40.0,2024-10-01 00:00:00
1005,5,50.0,2024-10-01 00:00:00
1006,6,60.0,2024-10-01 00:00:00
1007,7,70.0,2024-10-01 00:00:00
1008,8,80.0,2024-10-01 00:00:00
1009,9,90.0,2024-10-01 00:00:00
1010,10,100.0,2024-10-01 00:00:00
1011,11,10.0,2024-10-01 00:00:00
1012,12,20.0,2024-10-01 00:00:00
1013,13,30.0,2024-10-01 00:00:00
1014,14,40.0,2024-10-01 00:00:00
1015,15,50.0,2024-10-01 00:00:00
1016,16,60.0,2024-10-01 00:00:00
1017,17,70.0,2024-10-01 00:00:00
1018,18,80.0,2024-10-01 00:00:00
1019,19,90.0,2024-10-01 00:00:00
1020,20,100.0,2024-10-01 00:00:00
1021,21,10.0,2024-10-01 00:00:00
1022,22,20.0,2024-10-01 00:00:00
1023,23,30.0,2024-10-01 00:00:00
1024,24,40.0,2024-10-01 00:00:00
1025,25,50.0,2024-10-01 00:00:00
1026,26,60.0,2024-10-01 00:00:00
1027,27,70.0,2024-10-01 00:00:00
1028,28,80.0,2024-10-01 00:00:00
1029,29,90.0,2024-10-01 00:00:00
1030,30,100.0,2024-10-01 00:00:00
1031,31,10.0,2024-10-01 00:00:00
1032,32,20.0,2024-10-01 00:00:00
1033,33,30.0,2024-10-01 00:00:00
1034,34,40.0,2024-10-01 00:00:00
1035,35,50.0,2024-10-01 00:00:00
1036,36,60.0,2024-10-01 00:00:00
1037,37,70.0,2024-10-01 00:00:00
1038,38,80.0,2024-10-01 00:00:00
1039,39,90.0,2024-10-01 00:00:00
1040,40,100.0,2024-10-01 00:00:00
1041,41,10.0,2024-10-01 00:00:00
1042,42,20.0,2024-10-01 00:00:00
1043,43,30.0,2024-10-01 00:00:00
1044,44,40.0,2024-10-01 00:00:00
1045,45,50.0,2024-10-01 00:00:00
1046,46,60.0,2024-10-01 00:00:00
1047,47,70.0,2024-10-01 00:00:00
1048,48,80.0,2024-10-01 00:00:00
1049,49,90.0,2024-10-01 00:00:00
1050,50,100.0,2024-10-01 00:00:00
1051,51,10.0,2024-10-01 00:00:00
1052,52,20.0,2024-10-01 00:00:00
1053,53,30.0,2024-10-01 00:00:00
1054,54,40.0,2024-10-01 00:00:00
1055,55,50.0,2024-10-01 00:00:00
1056,56,60.0,2024-10-01 00:00:00
1057,57,70.0,2024-10-01 00:00:00
1058,58,80.0,2024-10-01 00:00:00
1059,59,90.0,2024-10-01 00:00:00
1060,60,100.0,2024-10-01 00:00:00
1061,61,10.0,2024-10-01 00:00:00
1062,62,20.0,2024-10-01 00:00:00
1063,63,30.0,2024-10-01 00:00:00
1064,64,40.0,2024-10-01 00:00:00
1065,65,50.0,2024-10-01 00:00:00
1066,66,60.0,2024-10-01 00:00:00
1067,67,70.0,2024-10-01 00:00:00
1068,68,80.0,2024-10-01 00:00:00
1069,69,90.0,2024-10-01 00:00:00
1070,70,100.0,2024-10-01 00:00:00
1071,71,10.0,2024-10-01 00:00:00
1072,72,20.0,2024-10-01 00:00:00
1073,73,30.0,2024-10-01 00:00:00
1074,74,40.0,2024-10-01 00:00:00
1075,75,50.0,2024-10-01 00:00:00
1076,76,60.0,2024-10-01 00:00:00
1077,77,70.0,2024-10-01 00:00:00
1078,78,80.0,2024-10-01 00:00:00
1079,79,90.0,2024-10-01 00:00:00
1080,80,100.0,2024-10-01 00:00:00
1081,81,10.0,2024-10-01 00:00:00
1082,82,20.0,2024-10-01 00:00:00
1083,83,30.0,2024-10-01 00:00:00
1084,84,40.0,2024-10-01 00:00:00
1085,85,50.0,2024-10-01 00:00:00
1086,86,60.0,2024-10-01 00:00:00
1087,87,70.0,2024-10-01 00:00:00
1088,88,80.0,2024-10-01 00:00:00
1089,89,90.0,2024-10-01 00:00:00
1090,90,100.0,2024-10-01 00:00:00
1091,91,10.0,2024-10-01 00:00:00
1092,92,20.0,2024-10-01 00:00:00
1093,93,30.0,2024-10-01 00:00:00
1094,94,40.0,2024-10-01 00:00:00
1095,95,50.0,2024-10-01 00:00:00
1096,96,60.0,2024-10-01 00:00:00
1097,97,70.0,2024-10-01 00:00:00
1098,98,80.0,2024-10-01 00:00:00
1099,99,90.0,2024-10-01 00:00:00
1100,100,100.0,2024-10-01 00:00:00
1101,101,10.0,2024-10-01 00:00:00
1102,102,20.0,2024-10-01 00:00:00
1103,103,30.0,2024-10-01 00:00:00
1104,104,40.0,2024-10-01 00:00:00
1105,105,50.0,2024-10-01 00:00:00
1106,106,60.0,2024-10-01 00:00:00
1107,107,70.0,2024-10-01 00:00:00
1108,108,80.0,2024-10-01 00:00:00
1109,109,90.0,2024-10-01 00:00:00
1110,110,100.0,2024-10-01 00:00:00
1111,111,10.0,2024-10-01 00:00:00
1112,112,20.0,2024-10-01 00:00:00
1113,113,30.0,2024-10-01 00:00:00
1114,114,40.0,2024-10-01 00:00:00
1115,115,50.0,2024-10-01 00:00:00
1116,116,60.0,2024-10-01 00:00:00
1117,117,70.0,2024-10-01 00:00:00
1118,118,80.0,2024-10-01 00:00:00
1119,119,90.0,2024-10-01 00:00:00
1120,120,100.0,2024-10-01 00:00:00
1121,121,10.0,2024-10-01 00:00:00
1122,122,20.0,2024-10-01 00:00:00
1123,123,30.0,2024-10-01 00:00:00
1124,124,40.0,2024-10-01 00:00:00
1125,125,50.0,2024-10-01 00:00:00
1126,126,60.0,2024-10-01 00:00:00
1127,127,70.0,2024-10-01 00:00:00
1128,128,80.0,2024-10-01 00:00:00
1129,129,90.0,2024-10-01 00:00:00
1130,130,100.0,2024-10-01 00:00:00
1131,131,10.0,2024-10-01 00:00:00
1132,132,20.0,2024-10-01 00:00:00
1133,133,30.0,2024-10-01 00:00:00
1134,134,40.0,2024-10-01 00:00:00
1135,135,50.0,2024-10-01 00:00:00
1136,136,60.0,2024-10-01 00:00:00
1137,137,70.0,2024-10-01 00:00:00
1138,138,80.0,2024-10-01 00:00:00
1139,139,90.0,2024-10-01 00:00:00
1140,140,100.0,2024-10-01 00:00:00
1141,141,10.0,2024-10-01 00:00:00
1142,142,20.0,2024-10-01 00:00:00
1143,143,30.0,2024-10-01 00:00:00
1144,144,40.0,2024-10-01 00:00:00
1145,145,50.0,2024-10-01 00:00:00
1146,146,60.0,2024-10-01 00:00:00
1147,147,70.0,2024-10-01 00:00:00
1148,148,80.0,2024-10-01 00:00:00
1149,149,90.0,2024-10-01 00:00:00
1150,150,100.0,2024-10-01 00:00:00
1151,151,10.0,2024-10-01 00:00:00
1152,152,20.0,2024-10-01 00:00:00
1153,153,30.0,2024-10-01 00:00:00
1154,154,40.0,2024-10-01 00:00:00
1155,155,50.0,2024-10-01 00:00:00
1156,156,60.0,2024-10-01 00:00:00
1157,157,70.0,2024-10-01 00:00:00
1158,158,80.0,2024-10-01 00:00:00
1159,159,90.0,2024-10-01 00:00:00
1160,160,100.0,2024-10-01 00:00:00
1161,161,10.0,2024-10-01 00:00:00
1162,162,20.0,2024-10-01 00:00:00
1163,163,30.0,2024-10-01 00:00:00
1164,164,40.0,2024-10-01 00:00:00
1165,165,50.0,2024-10-01 00:00:00
1166,166,60.0,2024-10-01 00:00:00
1167,167,70.0,2024-10-01 00:00:00
1168,168,80.0,2024-10-01 00:00:00
1169,169,90.0,2024-10-01 00:00:00
1170,170,100.0,2024-10-01 00:00:00
1171,171,10.0,2024-10-01 00:00:00
1172,172,20.0,2024-10-01 00:00:00
1173,173,30.0,2024-10-01 00:00:00
1174,174,40.0,2024-10-01 00:00:00
1175,175,50.0,2024-10-01 00:00:00
1176,176,60.0,2024-10-01 00:00:00
1177,177,70.0,2024-10-01 00:00:00
1178,178,80.0,2024-10-01 00:00:00
1179,179,90.0,2024-10-01 00:00:00
1180,180,100.0,2024-10-01 00:00:00
1181,181,10.0,2024-10-01 00:00:00
1182,182,20.0,2024-10-01 00:00:00
1183,183,30.0,2024-10-01 00:00:00
1184,184,40.0,2024-10-01 00:00:00
1185,185,50.0,2024-10-01 00:00:00
1186,186,60.0,2024-10-01 00:00:00
1187,187,70.0,2024-10-01 00:00:00
1188,188,80.0,2024-10-01 00:00:00
1189,189,90.0,2024-10-01 00:00:00
1190,190,100.0,2024-10-01 00:00:00
1191,191,10.0,2024-10-01 00:00:00
1192,192,20.0,2024-10-01 00:00:00
1193,193,30.0,2024-10-01 00:00:00
1194,194,40.0,2024-10-01 00:00:00
1195,195,50.0,2024-10-01 00:00:00
1196,196,60.0,2024-10-01 00:00:00
1197,197,70.0,2024-10-01 00:00:00
1198,198,80.0,2024-10-01 00:00:00
1199,199,90.0,2024-10-01 00:00:00
1200,200,100.0,2024-10-01 00:00:00
1201,201,10.0,2024-10-01 00:00:00
1202,202,20.0,2024-10-01 00:00:00
1203,203,30.0,2024-10-01 00:00:00
1204,204,40.0,2024-10-01 00:00:00
1205,205,50.0,2024-10-01 00:00:00
1206,206,60.0,2024-10-01 00:00:00
1207,207,70.0,2024-10-01 00:00:00
1208,208,80.0,2024-10-01 00:00:00
1209,209,90.0,2024-10-01 00:00:00
1210,210,100.0,2024-10-01 00:00:00
1211,211,10.0,2024-10-01 00:00:00
1212,212,20.0,2024-10-01 00:00:00
1213,213,30.0,2024-10-01 00:00:00
1214,214,40.0,2024-10-01 00:00:00
1215,215,50.0,2024-10-01 00:00:00
1216,216,60.0,2024-10-01 00:00:00
1217,217,70.0,2024-10-01 00:00:00
1218,218,80.0,2024-10-01 00:00:00
1219,219,90.0,2024-10-01 00:00:00
1220,220,100.0,2024-10-01 00:00:00
1221,221,10.0,2024-10-01 00:00:00
1222,222,20.0,2024-10-01 00:00:00
1223,223,30.0,2024-10-01 00:00:00
1224,224,40.0,2024-10-01 00:00:00
1225,225,50.0,2024-10-01 00:00:00
1226,226,60.0,2024-10-01 00:00:00
1227,227,70.0,2024-10-01 00:00:00
1228,228,80.0,2024-10-01 00:00:00
1229,229,90.0,2024-10-01 00:00:00
1230,230,100.0,2024-10-01 00:00:00
1231,231,10.0,2024-10-01 00:00:00
1232,232,20.0,2024-10-01 00:00:00
1233,233,30.0,2024-10-01 00:00:00
1234,234,40.0,2024-10-01 00:00:00
1235,235,50.0,2024-10-01 00:00:00
1236,236,60.0,2024-10-01 00:00:00
1237,237,70.0,2024-10-01 00:00:00
1238,238,80.0,2024-10-01 00:00:00
1239,239,90.0,2024-10-01 00:00:00
1240,240,100.0,2024-10-01 00:00:00
1241,241,10.0,2024-10-01 00:00:00
1242,242,20.0,2024-10-01 00:00:00
1243,243,30.0,2024-10-01 00:00:00
1244,244,40.0,2024-10-01 00:00:00
1245,245,50.0,2024-10-01 00:00:00
1246,246,60.0,2024-10-01 00:00:00
1247,247,70.0,2024-10-01 00:00:00
1248,248,80.0,2024-10-01 00:00:00
1249,249,90.0,2024-10-01 00:00:00
1250,250,100.0,2024-10-01 00:00:00
1251,251,10.0,2024-10-01 00:00:00
1252,252,20.0,2024-10-01 00:00:00
1253,253,30.0,2024-10-01 00:00:00
1254,254,40.0,2024-10-01 00:00:00
1255,255,50.0,2024-10-01 00:00:00
1256,256,60.0,2024-10-01 00:00:00
1257,257,70.0,2024-10-01 00:00:00
1258,258,80.0,2024-10-01 00:00:00
1259,259,90.0,2024-10-01 00:00:00
1260,260,100.0,2024-10-01 00:00:00
1261,261,10.0,2024-10-01 00:00:00
1262,262,20.0,2024-10-01 00:00:00
1263,263,30.0,2024-10-01 00:00:00
1264,264,40.0,2024-10-01 00:00:00
1265,265,50.0,2024-10-01 00:00:00
1266,266,60.0,2024-10-01 00:00:00
1267,267,70.0,2024-10-01 00:00:00
1268,268,80.0,2024-10-01 00:00:00
1269,269,90.0,2024-10-01 00:00:00
1270,270,100.0,2024-10-01 00:00:00
1271,271,10.0,2024-10-01 00:00:00
1272,272,20.0,2024-10-01 00:00:00
1273,273,30.0,2024-10-01 00:00:00
1274,274,40.0,2024-10-01 00:00:00
1275,275,50.0,2024-10-01 00:00:00
1276,276,60.0,2024-10-01 00:00:00
1277,277,70.0,2024-10-01 00:00:00
1278,278,80.0,2024-10-01 00:00:00
1279,279,90.0,2024-10-01 00:00:00
1280,280,100.0,2024-10-01 00:00:00
1281,281,10.0,2024-10-01 00:00:00
1282,282,20.0,2024-10-01 00:00:00
1283,283,30.0,2024-10-01 00:00:00
1284,284,40.0,2024-10-01 00:00:00
1285,285,50.0,2024-10-01 00:00:00
1286,286,60.0,2024-10-01 00:00:00
1287,287,70.0,2024-10-01 00:00:00
1288,288,80.0,2024-10-01 00:00:00
1289,289,90.0,2024-10-01 00:00:00
1290,290,100.0,2024-10-01 00:00:00
1291,291,10.0,2024-10-01 00:00:00
1292,292,20.0,2024-10-01 00:00:00
1293,293,30.0,2024-10-01 00:00:00
1294,294,40.0,2024-10-01 00:00:00
1295,295,50.0,2024-10-01 00:00:00
1296,296,60.0,2024-10-01 00:00:00
1297,297,70.0,2024-10-01 00:00:00
1298,298,80.0,2024-10-01 00:00:00
1299,299,90.0,2024-10-01 00:00:00
1300,300,100.0,2024-10-01 00:00:00
1301,301,10.0,2024-10-01 00:00:00
1302,302,20.0,2024-10-01 00:00:00
1303,303,30.0,2024-10-01 00:00:00
1304,304,40.0,2024-10-01 00:00:00
1305,305,50.0,2024-10-01 00:00:00
1306,306,60.0,2024-10-01 00:00:00
1307,307,70.0,2024-10-01 00:00:00
1308,308,80.0,2024-10-01 00:00:00
1309,309,90.0,2024-10-01 00:00:00
1310,310,100.0,2024-10-01 00:00:00
1311,311,10.0,2024-10-01 00:00:00
1312,312,20.0,2024-10-01 00:00:00
1313,313,30.0,2024-10-01 00:00:00
1314,314,40.0,2024-10-01 00:00:00
1315,315,50.0,2024-10-01 00:00:00
1316,316,60.0,2024-10-01 00:00:00
1317,317,70.0,2024-10-01 00:00:00
1318,318,80.0,2024-10-01 00:00:00
1319,319,90.0,2024-10-01 00:00:00
1320,320,100.0,2024-10-01 00:00:00
1321,321,10.0,2024-10-01 00:00:00
1322,322,20.0,2024-10-01 00:00:00
1323,323,30.0,2024-10-01 00:00:00
1324,324,40.0,2024-10-01 00:00:00
1325,325,50.0,2024-10-01 00:00:00
1326,326,60.0,2024-10-01 00:00:00
1327,327,70.0,2024-10-01 00:00:00
1328,328,80.0,2024-10-01 00:00:00
1329,329,90.0,2024-10-01 00:00:00
1330,330,100.0,2024-10-01 00:00:00
1331,331,10.0,2024-10-01 00:00:00
1332,332,20.0,2024-10-01 00:00:00
1333,333,30.0,2024-10-01 00:00:00
1334,334,40.0,2024-10-01 00:00:00
1335,335,50.0,2024-10-01 00:00:00
1336,336,60.0,2024-10-01 00:00:00
1337,337,70.0,2024-10-01 00:00:00
1338,338,80.0,2024-10-01 00:00:00
1339,339,90.0,2024-10-01 00:00:00
1340,340,100.0,2024-10-01 00:00:00
1341,341,10.0,2024-10-01 00:00:00
1342,342,20.0,2024-10-01 00:00:00
1343,343,30.0,2024-10-01 00:00:00
1344,344,40.0,2024-10-01 00:00:00
1345,345,50.0,2024-10-01 00:00:00
1346,346,60.0,2024-10-01 00:00:00
1347,347,70.0,2024-10-01 00:00:00
1348,348,80.0,2024-10-01 00:00:00
1349,349,90.0,2024-10-01 00:00:00
1350,350,100.0,2024-10-01 00:00:00
1351,351,10.0,2024-10-01 00:00:00
1352,352,20.0,2024-10-01 00:00:00
1353,353,30.0,2024-10-01 00:00:00
1354,354,40.0,2024-10-01 00:00:00
1355,355,50.0,2024-10-01 00:00:00
1356,356,60.0,2024-10-01 00:00:00
1357,357,70.0,2024-10-01 00:00:00
1358,358,80.0,2024-10-01 00:00:00
1359,359,90.0,2024-10-01 00:00:00
1360,360,100.0,2024-10-01 00:00:00
1361,361,10.0,2024-10-01 00:00:00
1362,362,20.0,2024-10-01 00:00:00
1363,363,30.0,2024-10-01 00:00:00
1364,364,40.0,2024-10-01 00:00:00
1365,365,50.0,2024-10-01 00:00:00
1366,366,60.0,2024-10-01 00:00:00
1367,367,70.0,2024-10-01 00:00:00
1368,368,80.0,2024-10-01 00:00:00
1369,369,90.0,2024-10-01 00:00:00
1370,370,100.0,2024-10-01 00:00:00
1371,371,10.0,2024-10-01 00:00:00
1372,372,20.0,2024-10-01 00:00:00
1373,373,30.0,2024-10-01 00:00:00
1374,374,40.0,2024-10-01 00:00:00
1375,375,50.0,2024-10-01 00:00:00
1376,376,60.0,2024-10-01 00:00:00
1377,377,70.0,2024-10-01 00:00:00
1378,378,80.0,2024-10-01 00:00:00
1379,379,90.0,2024-10-01 00:00:00
1380,380,100.0,2024-10-01 00:00:00
1381,381,10.0,2024-10-01 00:00:00
1382,382,20.0,2024-10-01 00:00:00
1383,383,30.0,2024-10-01 00:00:00
1384,384,40.0,2024-10-01 00:00:00
1385,385,50.0,2024-10-01 00:00:00
1386,386,60.0,2024-10-01 00:00:00
1387,387,70.0,2024-10-01 00:00:00
1388,388,80.0,2024-10-01 00:00:00
1389,389,90.0,2024-10-01 00:00:00
1390,390,100.0,2024-10-01 00:00:00
1391,391,10.0,2024-10-01 00:00:00
1392,392,20.0,2024-10-01 00:00:00
1393,393,30.0,2024-10-01 00:00:00
1394,394,40.0,2024-10-01 00:00:00
1395,395,50.0,2024-10-01 00:00:00
1396,396,60.0,2024-10-01 00:00:00
1397,397,70.0,2024-10-01 00:00:00
1398,398,80.0,2024-10-01 00:00:00
1399,399,90.0,2024-10-01 00:00:00
1400,400,100.0,2024-10-01 00:00:00
1401,401,10.0,2024-10-01 00:00:00
1402,402,20.0,2024-10-01 00:00:00
1403,403,30.0,2024-10-01 00:00:00
1404,404,40.0,2024-10-01 00:00:00
1405,405,50.0,2024-10-01 00:00:00
1406,406,60.0,2024-10-01 00:00:00
1407,407,70.0,2024-10-01 00:00:00
1408,408,80.0,2024-10-01 00:00:00
1409,409,90.0,2024-10-01 00:00:00
1410,410,100.0,2024-10-01 00:00:00
1411,411,10.0,2024-10-01 00:00:00
1412,412,20.0,2024-10-01 00:00:00
1413,413,30.0,2024-10-01 00:00:00
1414,414,40.0,2024-10-01 00:00:00
1415,415,50.0,2024-10-01 00:00:00
1416,416,60.0,2024-10-01 00:00:00
1417,417,70.0,2024-10-01 00:00:00
1418,418,80.0,2024-10-01 00:00:00
1419,419,90.0,2024-10-01 00:00:00
1420,420,100.0,2024-10-01 00:00:00
1421,421,10.0,2024-10-01 00:00:00
1422,422,20.0,2024-10-01 00:00:00
1423,423,30.0,2024-10-01 00:00:00
1424,424,40.0,2024-10-01 00:00:00
1425,425,50.0,2024-10-01 00:00:00
1426,426,60.0,2024-10-01 00:00:00
1427,427,70.0,2024-10-01 00:00:00
1428,428,80.0,2024-10-01 00:00:00
1429,429,90.0,2024-10-01 00:00:00
1430,430,100.0,2024-10-01 00:00:00
1431,431,10.0,2024-10-01 00:00:00
1432,432,20.0,2024-10-01 00:00:00
1433,433,30.0,2024-10-01 00:00:00
1434,434,40.0,2024-10-01 00:00:00
1435,435,50.0,2024-10-01 00:00:00
1436,436,60.0,2024-10-01 00:00:00
1437,437,70.0,2024-10-01 00:00:00
1438,438,80.0,2024-10-01 00:00:00
1439,439,90.0,2024-10-01 00:00:00
1440,440,100.0,2024-10-01 00:00:00
1441,441,10.0,2024-10-01 00:00:00
1442,442,20.0,2024-10-01 00:00:00
1443,443,30.0,2024-10-01 00:00:00
1444,444,40.0,2024-10-01 00:00:00
1445,445,50.0,2024-10-01 00:00:00
1446,446,60.0,2024-10-01 00:00:00
1447,447,70.0,2024-10-01 00:00:00
1448,448,80.0,2024-10-01 00:00:00
1449,449,90.0,2024-10-01 00:00:00
1450,450,100.0,2024-10-01 00:00:00
1451,451,10.0,2024-10-01 00:00:00
1452,452,20.0,2024-10-01 00:00:00
1453,453,30.0,2024-10-01 00:00:00
1454,454,40.0,2024-10-01 00:00:00
1455,455,50.0,2024-10-01 00:00:00
1456,456,60.0,2024-10-01 00:00:00
1457,457,70.0,2024-10-01 00:00:00
1458,458,80.0,2024-10-01 00:00:00
1459,459,90.0,2024-10-01 00:00:00
1460,460,100.0,2024-10-01 00:00:00
1461,461,10.0,2024-10-01 00:00:00
1462,462,20.0,2024-10-01 00:00:00
1463,463,30.0,2024-10-01 00:00:00
1464,464,40.0,2024-10-01 00:00:00
1465,465,50.0,2024-10-01 00:00:00
1466,466,60.0,2024-10-01 00:00:00
1467,467,70.0,2024-10-01 00:00:00
1468,468,80.0,2024-10-01 00:00:00
1469,469,90.0,2024-10-01 00:00:00
1470,470,100.0,2024-10-01 00:00:00
1471,471,10.0,2024-10-01 00:00:00
1472,472,20.0,2024-10-01 00:00:00
1473,473,30.0,2024-10-01 00:00:00
1474,474,40.0,2024-10-01 00:00:00
1475,475,50.0,2024-10-01 00:00:00
1476,476,60.0,2024-10-01 00:00:00
1477,477,70.0,2024-10-01 00:00:00
1478,478,80.0,2024-10-01 00:00:00
1479,479,90.0,2024-10-01 00:00:00
1480,480,100.0,2024-10-01 00:00:00
1481,481,10.0,2024-10-01 00:00:00
1482,482,20.0,2024-10-01 00:00:00
1483,483,30.0,2024-10-01 00:00:00
1484,484,40.0,2024-10-01 00:00:00
1485,485,50.0,2024-10-01 00:00:00
1486,486,60.0,2024-10-01 00:00:00
1487,487,70.0,2024-10-01 00:00:00
1488,488,80.0,2024-10-01 00:00:00
1489,489,90.0,2024-10-01 00:00:00
1490,490,100.0,2024-10-01 00:00:00
1491,491,10.0,2024-10-01 00:00:00
1492,492,20.0,2024-10-01 00:00:00
1493,493,30.0,2024-10-01 00:00:00
1494,494,40.0,2024-10-01 00:00:00
1495,495,50.0,2024-10-01 00:00:00
1496,496,60.0,2024-10-01 00:00:00
1497,497,70.0,2024-10-01 00:00:00
1498,498,80.0,2024-10-01 00:00:00
1499,499,90.0,2024-10-01 00:00:00
1500,500,100.0,2024-10-01 00:00:00
1501,501,10.0,2024-10-01 00:00:00
1502,502,20.0,2024-10-01 00:00:00
1503,503,30.0,2024-10-01 00:00:00
1504,504,40.0,2024-10-01 00:00:00
1505,505,50.0,2024-10-01 00:00:00
1506,506,60.0,2024-10-01 00:00:00
1507,507,70.0,2024-10-01 00:00:00
1508,508,80.0,2024-10-01 00:00:00
1509,509,90.0,2024-10-01 00:00:00
1510,510,100.0,2024-10-01 00:00:00
1511,511,10.0,2024-10-01 00:00:00
1512,512,20.0,2024-10-01 00:00:00
1513,513,30.0,2024-10-01 00:00:00
1514,514,40.0,2024-10-01 00:00:00
1515,515,50.0,2024-10-01 00:00:00
1516,516,60.0,2024-10-01 00:00:00
1517,517,70.0,2024-10-01 00:00:00
1518,518,80.0,2024-10-01 00:00:00
1519,519,90.0,2024-10-01 00:00:00
1520,520,100.0,2024-10-01 00:00:00
1521,521,10.0,2024-10-01 00:00:00
1522,522,20.0,2024-10-01 00:00:00
1523,523,30.0,2024-10-01 00:00:00
1524,524,40.0,2024-10-01 00:00:00
1525,525,50.0,2024-10-01 00:00:00
1526,526,60.0,2024-10-01 00:00:00
1527,527,70.0,2024-10-01 00:00:00
1528,528,80.0,2024-10-01 00:00:00
1529,529,90.0,2024-10-01 00:00:00
1530,530,100.0,2024-10-01 00:00:00
1531,531,10.0,2024-10-01 00:00:00
1532,532,20.0,2024-10-01 00:00:00
1533,533,30.0,2024-10-01 00:00:00
1534,534,40.0,2024-10-01 00:00:00
1535,535,50.0,2024-10-01 00:00:00
1536,536,60.0,2024-10-01 00:00:00
1537,537,70.0,2024-10-01 00:00:00
1538,538,80.0,2024-10-01 00:00:00
1539,539,90.0,2024-10-01 00:00:00
1540,540,100.0,2024-10-01 00:00:00
1541,541,10.0,2024-10-01 00:00:00
1542,542,20.0,2024-10-01 00:00:00
1543,543,30.0,2024-10-01 00:00:00
1544,544,40.0,2024-10-01 00:00:00
1545,545,50.0,2024-10-01 00:00:00
1546,546,60.0,2024-10-01 00:00:00
1547,547,70.0,2024-10-01 00:00:00
1548,548,80.0,2024-10-01 00:00:00
1549,549,90.0,2024-10-01 00:00:00
1550,550,100.0,2024-10-01 00:00:00
1551,551,10.0,2024-10-01 00:00:00
1552,552,20.0,2024-10-01 00:00:00
1553,553,30.0,2024-10-01 00:00:00
1554,554,40.0,2024-10-01 00:00:00
1555,555,50.0,2024-10-01 00:00:00
1556,556,60.0,2024-10-01 00:00:00
1557,557,70.0,2024-10-01 00:00:00
1558,558,80.0,2024-10-01 00:00:00
1559,559,90.0,2024-10-01 00:00:00
1560,560,100.0,2024-10-01 00:00:00
1561,561,10.0,2024-10-01 00:00:00
1562,562,20.0,2024-10-01 00:00:00
1563,563,30.0,2024-10-01 00:00:00
1564,564,40.0,2024-10-01 00:00:00
1565,565,50.0,2024-10-01 00:00:00
1566,566,60.0,2024-10-01 00:00:00
1567,567,70.0,2024-10-01 00:00:00
1568,568,80.0,2024-10-01 00:00:00
1569,569,90.0,2024-10-01 00:00:00
1570,570,100.0,2024-10-01 00:00:00
1571,571,10.0,2024-10-01 00:00:00
1572,572,20.0,2024-10-01 00:00:00
1573,573,30.0,2024-10-01 00:00:00
1574,574,40.0,2024-10-01 00:00:00
1575,575,50.0,2024-10-01 00:00:00
1576,576,60.0,2024-10-01 00:00:00
1577,577,70.0,2024-10-01 00:00:00
1578,578,80.0,2024-10-01 00:00:00
1579,579,90.0,2024-10-01 00:00:00
1580,580,100.0,2024-10-01 00:00:00
1581,581,10.0,2024-10-01 00:00:00
1582,582,20.0,2024-10-01 00:00:00
1583,583,30.0,2024-10-01 00:00:00
1584,584,40.0,2024-10-01 00:00:00
1585,585,50.0,2024-10-01 00:00:00
1586,586,60.0,2024-10-01 00:00:00
1587,587,70.0,2024-10-01 00:00:00
1588,588,80.0,2024-10-01 00:00:00
1589,589,90.0,2024-10-01 00:00:00
1590,590,100.0,2024-10-01 00:00:00
1591,591,10.0,2024-10-01 00:00:00
1592,592,20.0,2024-10-01 00:00:00
1593,593,30.0,2024-10-01 00:00:00
1594,594,40.0,2024-10-01 00:00:00
1595,595,50.0,2024-10-01 00:00:00
1596,596,60.0,2024-10-01 00:00:00
1597,597,70.0,2024-10-01 00:00:00
1598,598,80.0,2024-10-01 00:00:00
1599,599,90.0,2024-10-01 00:00:00
1600,600,100.0,2024-10-01 00:00:00
1601,601,10.0,2024-10-01 00:00:00
1602,602,20.0,2024-10-01 00:00:00
1603,603,30.0,2024-10-01 00:00:00
1604,604,40.0,2024-10-01 00:00:00
1605,605,50.0,2024-10-01 00:00:00
1606,606,60.0,2024-10-01 00:00:00
1607,607,70.0,2024-10-01 00:00:00
1608,608,80.0,2024-10-01 00:00:00
1609,609,90.0,2024-10-01 00:00:00
1610,610,100.0,2024-10-01 00:00:00
1611,611,10.0,2024-10-01 00:00:00
1612,612,20.0,2024-10-01 00:00:00
1613,613,30.0,2024-10-01 00:00:00
1614,614,40.0,2024-10-01 00:00:00
1615,615,50.0,2024-10-01 00:00:00
1616,616,60.0,2024-10-01 00:00:00
1617,617,70.0,2024-10-01 00:00:00
1618,618,80.0,2024-10-01 00:00:00
1619,619,90.0,2024-10-01 00:00:00
1620,620,100.0,2024-10-01 00:00:00
1621,621,10.0,2024-10-01 00:00:00
1622,622,20.0,2024-10-01 00:00:00
1623,623,30.0,2024-10-01 00:00:00
1624,624,40.0,2024-10-01 00:00:00
1625,625,50.0,2024-10-01 00:00:00
1626,626,60.0,2024-10-01 00:00:00
1627,627,70.0,2024-10-01 00:00:00
1628,628,80.0,2024-10-01 00:00:00
1629,629,90.0,2024-10-01 00:00:00
1630,630,100.0,2024-10-01 00:00:00
1631,631,10.0,2024-10-01 00:00:00
1632,632,20.0,2024-10-01 00:00:00
1633,633,30.0,2024-10-01 00:00:00
1634,634,40.0,2024-10-01 00:00:00
1635,635,50.0,2024-10-01 00:00:00
1636,636,60.0,2024-10-01 00:00:00
1637,637,70.0,2024-10-01 00:00:00
1638,638,80.0,2024-10-01 00:00:00
1639,639,90.0,2024-10-01 00:00:00
1640,640,100.0,2024-10-01 00:00:00
1641,641,10.0,2024-10-01 00:00:00
1642,642,20.0,2024-10-01 00:00:00
1643,643,30.0,2024-10-01 00:00:00
1644,644,40.0,2024-10-01 00:00:00
1645,645,50.0,2024-10-01 00:00:00
1646,646,60.0,2024-10-01 00:00:00
1647,647,70.0,2024-10-01 00:00:00
1648,648,80.0,2024-10-01 00:00:00
1649,649,90.0,2024-10-01 00:00:00
1650,650,100.0,2024-10-01 00:00:00
1651,651,10.0,2024-10-01 00:00:00
1652,652,20.0,2024-10-01 00:00:00
1653,653,30.0,2024-10-01 00:00:00
1654,654,40.0,2024-10-01 00:00:00
1655,655,50.0,2024-10-01 00:00:00
1656,656,60.0,2024-10-01 00:00:00
1657,657,70.0,2024-10-01 00:00:00
1658,658,80.0,2024-10-01 00:00:00
1659,659,90.0,2024-10-01 00:00:00
1660,660,100.0,2024-10-01 00:00:00
1661,661,10.0,2024-10-01 00:00:00
1662,662,20.0,2024-10-01 00:00:00
1663,663,30.0,2024-10-01 00:00:00
1664,664,40.0,2024-10-01 00:00:00
1665,665,50.0,2024-10-01 00:00:00
1666,666,60.0,2024-10-01 00:00:00
1667,667,70.0,2024-10-01 00:00:00
1668,668,80.0,2024-10-01 00:00:00
1669,669,90.0,2024-10-01 00:00:00
1670,670,100.0,2024-10-01 00:00:00
1671,671,10.0,2024-10-01 00:00:00
1672,672,20.0,2024-10-01 00:00:00
1673,673,30.0,2024-10-01 00:00:00
1674,674,40.0,2024-10-01 00:00:00
1675,675,50.0,2024-10-01 00:00:00
1676,676,60.0,2024-10-01 00:00:00
1677,677,70.0,2024-10-01 00:00:00
1678,678,80.0,2024-10-01 00:00:00
1679,679,90.0,2024-10-01 00:00:00
1680,680,100.0,2024-10-01 00:00:00
1681,681,10.0,2024-10-01 00:00:00
1682,682,20.0,2024-10-01 00:00:00
1683,683,30.0,2024-10-01 00:00:00
1684,684,40.0,2024-10-01 00:00:00
1685,685,50.0,2024-10-01 00:00:00
1686,686,60.0,2024-10-01 00:00:00
1687,687,70.0,2024-10-01 00:00:00
1688,688,80.0,2024-10-01 00:00:00
1689,689,90.0,2024-10-01 00:00:00
1690,690,100.0,2024-10-01 00:00:00
1691,691,10.0,2024-10-01 00:00:00
1692,692,20.0,2024-10-01 00:00:00
1693,693,30.0,2024-10-01 00:00:00
1694,694,40.0,2024-10-01 00:00:00
1695,695,50.0,2024-10-01 00:00:00
1696,696,60.0,2024-10-01 00:00:00
1697,697,70.0,2024-10-01 00:00:00
1698,698,80.0,2024-10-01 00:00:00
1699,699,90.0,2024-10-01 00:00:00
1700,700,100.0,2024-10-01 00:00:00
1701,701,10.0,2024-10-01 00:00:00
1702,702,20.0,2024-10-01 00:00:00
1703,703,30.0,2024-10-01 00:00:00
1704,704,40.0,2024-10-01 00:00:00
1705,705,50.0,2024-10-01 00:00:00
1706,706,60.0,2024-10-01 00:00:00
1707,707,70.0,2024-10-01 00:00:00
1708,708,80.0,2024-10-01 00:00:00
1709,709,90.0,2024-10-01 00:00:00
1710,710,100.0,2024-10-01 00:00:00
1711,711,10.0,2024-10-01 00:00:00
1712,712,20.0,2024-10-01 00:00:00
1713,713,30.0,2024-10-01 00:00:00
1714,714,40.0,2024-10-01 00:00:00
1715,715,50.0,2024-10-01 00:00:00
1716,716,60.0,2024-10-01 00:00:00
1717,717,70.0,2024-10-01 00:00:00
1718,718,80.0,2024-10-01 00:00:00
1719,719,90.0,2024-10-01 00:00:00
1720,720,100.0,2024-10-01 00:00:00
1721,721,10.0,2024-10-01 00:00:00
1722,722,20.0,2024-10-01 00:00:00
1723,723,30.0,2024-10-01 00:00:00
1724,724,40.0,2024-10-01 00:00:00
1725,725,50.0,2024-10-01 00:00:00
1726,726,60.0,2024-10-01 00:00:00
1727,727,70.0,2024-10-01 00:00:00
1728,728,80.0,2024-10-01 00:00:00
1729,729,90.0,2024-10-01 00:00:00
1730,730,100.0,2024-10-01 00:00:00
1731,731,10.0,2024-10-01 00:00:00
1732,732,20.0,2024-10-01 00:00:00
1733,733,30.0,2024-10-01 00:00:00
1734,734,40.0,2024-10-01 00:00:00
1735,735,50.0,2024-10-01 00:00:00
1736,736,60.0,2024-10-01 00:00:00
1737,737,70.0,2024-10-01 00:00:00
1738,738,80.0,2024-10-01 00:00:00
1739,739,90.0,2024-10-01 00:00:00
1740,740,100.0,2024-10-01 00:00:00
1741,741,10.0,2024-10-01 00:00:00
1742,742,20.0,2024-10-01 00:00:00
1743,743,30.0,2024-10-01 00:00:00
1744,744,40.0,2024-10-01 00:00:00
1745,745,50.0,2024-10-01 00:00:00
1746,746,60.0,2024-10-01 00:00:00
1747,747,70.0,2024-10-01 00:00:00
1748,748,80.0,2024-10-01 00:00:00
1749,749,90.0,2024-10-01 00:00:00
1750,750,100.0,2024-10-01 00:00:00
1751,751,10.0,2024-10-01 00:00:00
1752,752,20.0,2024-10-01 00:00:00
1753,753,30.0,2024-10-01 00:00:00
1754,754,40.0,2024-10-01 00:00:00
1755,755,50.0,2024-10-01 00:00:00
1756,756,60.0,2024-10-01 00:00:00
1757,757,70.0,2024-10-01 00:00:00
1758,758,80.0,2024-10-01 00:00:00
1759,759,90.0,2024-10-01 00:00:00
1760,760,100.0,2024-10-01 00:00:00
1761,761,10.0,2024-10-01 00:00:00
1762,762,20.0,2024-10-01 00:00:00
1763,763,30.0,2024-10-01 00:00:00
1764,764,40.0,2024-10-01 00:00:00
1765,765,50.0,2024-10-01 00:00:00
1766,766,60.0,2024-10-01 00:00:00
1767,767,70.0,2024-10-01 00:00:00
1768,768,80.0,2024-10-01 00:00:00
1769,769,90.0,2024-10-01 00:00:00
1770,770,100.0,2024-10-01 00:00:00
1771,771,10.0,2024-10-01 00:00:00
1772,772,20.0,2024-10-01 00:00:00
1773,773,30.0,2024-10-01 00:00:00
1774,774,40.0,2024-10-01 00:00:00
1775,775,50.0,2024-10-01 00:00:00
1776,776,60.0,2024-10-01 00:00:00
1777,777,70.0,2024-10-01 00:00:00
1778,778,80.0,2024-10-01 00:00:00
1779,779,90.0,2024-10-01 00:00:00
1780,780,100.0,2024-10-01 00:00:00
1781,781,10.0,2024-10-01 00:00:00
1782,782,20.0,2024-10-01 00:00:00
1783,783,30.0,2024-10-01 00:00:00
1784,784,40.0,2024-10-01 00:00:00
1785,785,50.0,2024-10-01 00:00:00
1786,786,60.0,2024-10-01 00:00:00
1787,787,70.0,2024-10-01 00:00:00
1788,788,80.0,2024-10-01 00:00:00
1789,789,90.0,2024-10-01 00:00:00
1790,790,100.0,2024-10-01 00:00:00
1791,791,10.0,2024-10-01 00:00:00
1792,792,20.0,2024-10-01 00:00:00
1793,793,30.0,2024-10-01 00:00:00
1794,794,40.0,2024-10-01 00:00:00
1795,795,50.0,2024-10-01 00:00:00
1796,796,60.0,2024-10-01 00:00:00
1797,797,70.0,2024-10-01 00:00:00
1798,798,80.0,2024-10-01 00:00:00
1799,799,90.0,2024-10-01 00:00:00
1800,800,100.0,2024-10-01 00:00:00
1801,801,10.0,2024-10-01 00:00:00
1802,802,20.0,2024-10-01 00:00:00
1803,803,30.0,2024-10-01 00:00:00
1804,804,40.0,2024-10-01 00:00:00
1805,805,50.0,2024-10-01 00:00:00
1806,806,60.0,2024-10-01 00:00:00
1807,807,70.0,2024-10-01 00:00:00
1808,808,80.0,2024-10-01 00:00:00
1809,809,90.0,2024-10-01 00:00:00
1810,810,100.0,2024-10-01 00:00:00
1811,811,10.0,2024-10-01 00:00:00
1812,812,20.0,2024-10-01 00:00:00
1813,813,30.0,2024-10-01 00:00:00
1814,814,40.0,2024-10-01 00:00:00
1815,815,50.0,2024-10-01 00:00:00
1816,816,60.0,2024-10-01 00:00:00
1817,817,70.0,2024-10-01 00:00:00
1818,818,80.0,2024-10-01 00:00:00
1819,819,90.0,2024-10-01 00:00:00
1820,820,100.0,2024-10-01 00:00:00
1821,821,10.0,2024-10-01 00:00:00
1822,822,20.0,2024-10-01 00:00:00
1823,823,30.0,2024-10-01 00:00:00
1824,824,40.0,2024-10-01 00:00:00
1825,825,50.0,2024-10-01 00:00:00
1826,826,60.0,2024-10-01 00:00:00
1827,827,70.0,2024-10-01 00:00:00
1828,828,80.0,2024-10-01 00:00:00
1829,829,90.0,2024-10-01 00:00:00
1830,830,100.0,2024-10-01 00:00:00
1831,831,10.0,2024-10-01 00:00:00
1832,832,20.0,2024-10-01 00:00:00
1833,833,30.0,2024-10-01 00:00:00
1834,834,40.0,2024-10-01 00:00:00
1835,835,50.0,2024-10-01 00:00:00
1836,836,60.0,2024-10-01 00:00:00
1837,837,70.0,2024-10-01 00:00:00
1838,838,80.0,2024-10-01 00:00:00
1839,839,90.0,2024-10-01 00:00:00
1840,840,100.0,2024-10-01 00:00:00
1841,841,10.0,2024-10-01 00:00:00
1842,842,20.0,2024-10-01 00:00:00
1843,843,30.0,2024-10-01 00:00:00
1844,844,40.0,2024-10-01 00:00:00
1845,845,50.0,2024-10-01 00:00:00
1846,846,60.0,2024-10-01 00:00:00
1847,847,70.0,2024-10-01 00:00:00
1848,848,80.0,2024-10-01 00:00:00
1849,849,90.0,2024-10-01 00:00:00
1850,850,100.0,2024-10-01 00:00:00
1851,851,10.0,2024-10-01 00:00:00
1852,852,20.0,2024-10-01 00:00:00
1853,853,30.0,2024-10-01 00:00:00
1854,854,40.0,2024-10-01 00:00:00
1855,855,50.0,2024-10-01 00:00:00
1856,856,60.0,2024-10-01 00:00:00
1857,857,70.0,2024-10-01 00:00:00
1858,858,80.0,2024-10-01 00:00:00
1859,859,90.0,2024-10-01 00:00:00
1860,860,100.0,2024-10-01 00:00:00
1861,861,10.0,2024-10-01 00:00:00
1862,862,20.0,2024-10-01 00:00:00
1863,863,30.0,2024-10-01 00:00:00
1864,864,40.0,2024-10-01 00:00:00
1865,865,50.0,2024-10-01 00:00:00
1866,866,60.0,2024-10-01 00:00:00
1867,867,70.0,2024-10-01 00:00:00
1868,868,80.0,2024-10-01 00:00:00
1869,869,90.0,2024-10-01 00:00:00
1870,870,100.0,2024-10-01 00:00:00
1871,871,10.0,2024-10-01 00:00:00
1872,872,20.0,2024-10-01 00:00:00
1873,873,30.0,2024-10-01 00:00:00
1874,874,40.0,2024-10-01 00:00:00
1875,875,50.0,2024-10-01 00:00:00
1876,876,60.0,2024-10-01 00:00:00
1877,877,70.0,2024-10-01 00:00:00
1878,878,80.0,2024-10-01 00:00:00
1879,879,90.0,2024-10-01 00:00:00
1880,880,100.0,2024-10-01 00:00:00
1881,881,10.0,2024-10-01 00:00:00
1882,882,20.0,2024-10-01 00:00:00
1883,883,30.0,2024-10-01 00:00:00
1884,884,40.0,2024-10-01 00:00:00
1885,885,50.0,2024-10-01 00:00:00
1886,886,60.0,2024-10-01 00:00:00
1887,887,70.0,2024-10-01 00:00:00
1888,888,80.0,2024-10-01 00:00:00
1889,889,90.0,2024-10-01 00:00:00
1890,890,100.0,2024-10-01 00:00:00
1891,891,10.0,2024-10-01 00:00:00
1892,892,20.0,2024-10-01 00:00:00
1893,893,30.0,2024-10-01 00:00:00
1894,894,40.0,2024-10-01 00:00:00
1895,895,50.0,2024-10-01 00:00:00
1896,896,60.0,2024-10-01 00:00:00
1897,897,70.0,2024-10-01 00:00:00
1898,898,80.0,2024-10-01 00:00:00
1899,899,90.0,2024-10-01 00:00:00
1900,900,100.0,2024-10-01 00:00:00
1901,901,10.0,2024-10-01 00:00:00
1902,902,20.0,2024-10-01 00:00:00
1903,903,30.0,2024-10-01 00:00:00
1904,904,40.0,2024-10-01 00:00:00
1905,905,50.0,2024-10-01 00:00:00
1906,906,60.0,2024-10-01 00:00:00
1907,907,70.0,2024-10-01 00:00:00
1908,908,80.0,2024-10-01 00:00:00
1909,909,90.0,2024-10-01 00:00:00
1910,910,100.0,2024-10-01 00:00:00
1911,911,10.0,2024-10-01 00:00:00
1912,912,20.0,2024-10-01 00:00:00
1913,913,30.0,2024-10-01 00:00:00
1914,914,40.0,2024-10-01 00:00:00
1915,915,50.0,2024-10-01 00:00:00
1916,916,60.0,2024-10-01 00:00:00
1917,917,70.0,2024-10-01 00:00:00
1918,918,80.0,2024-10-01 00:00:00
1919,919,90.0,2024-10-01 00:00:00
1920,920,100.0,2024-10-01 00:00:00
1921,921,10.0,2024-10-01 00:00:00
1922,922,20.0,2024-10-01 00:00:00
1923,923,30.0,2024-10-01 00:00:00
1924,924,40.0,2024-10-01 00:00:00
1925,925,50.0,2024-10-01 00:00:00
1926,926,60.0,2024-10-01 00:00:00
1927,927,70.0,2024-10-01 00:00:00
1928,928,80.0,2024-10-01 00:00:00
1929,929,90.0,2024-10-01 00:00:00
1930,930,100.0,2024-10-01 00:00:00
1931,931,10.0,2024-10-01 00:00:00
1932,932,20.0,2024-10-01 00:00:00
1933,933,30.0,2024-10-01 00:00:00
1934,934,40.0,2024-10-01 00:00:00
1935,935,50.0,2024-10-01 00:00:00
1936,936,60.0,2024-10-01 00:00:00
1937,937,70.0,2024-10-01 00:00:00
1938,938,80.0,2024-10-01 00:00:00
1939,939,90.0,2024-10-01 00:00:00
1940,940,100.0,2024-10-01 00:00:00
1941,941,10.0,2024-10-01 00:00:00
1942,942,20.0,2024-10-01 00:00:00
1943,943,30.0,2024-10-01 00:00:00
1944,944,40.0,2024-10-01 00:00:00
1945,945,50.0,2024-10-01 00:00:00
1946,946,60.0,2024-10-01 00:00:00
1947,947,70.0,2024-10-01 00:00:00
1948,948,80.0,2024-10-01 00:00:00
1949,949,90.0,2024-10-01 00:00:00
1950,950,100.0,2024-10-01 00:00:00
1951,951,10.0,2024-10-01 00:00:00
1952,952,20.0,2024-10-01 00:00:00
1953,953,30.0,2024-10-01 00:00:00
1954,954,40.0,2024-10-01 00:00:00
1955,955,50.0,2024-10-01 00:00:00
1956,956,60.0,2024-10-01 00:00:00
1957,957,70.0,2024-10-01 00:00:00
1958,958,80.0,2024-10-01 00:00:00
1959,959,90.0,2024-10-01 00:00:00
1960,960,100.0,2024-10-01 00:00:00
1961,961,10.0,2024-10-01 00:00:00
1962,962,20.0,2024-10-01 00:00:00
1963,963,30.0,2024-10-01 00:00:00
1964,964,40.0,2024-10-01 00:00:00
1965,965,50.0,2024-10-01 00:00:00
1966,966,60.0,2024-10-01 00:00:00
1967,967,70.0,2024-10-01 00:00:00
1968,968,80.0,2024-10-01 00:00:00
1969,969,90.0,2024-10-01 00:00:00
1970,970,100.0,2024-10-01 00:00:00
1971,971,10.0,2024-10-01 00:00:00
1972,972,20.0,2024-10-01 00:00:00
1973,973,30.0,2024-10-01 00:00:00
1974,974,40.0,2024-10-01 00:00:00
1975,975,50.0,2024-10-01 00:00:00
1976,976,60.0,2024-10-01 00:00:00
1977,977,70.0,2024-10-01 00:00:00
1978,978,80.0,2024-10-01 00:00:00
1979,979,90.0,2024-10-01 00:00:00
1980,980,100.0,2024-10-01 00:00:00
1981,981,10.0,2024-10-01 00:00:00
1982,982,20.0,2024-10-01 00:00:00
1983,983,30.0,2024-10-01 00:00:00
1984,984,40.0,2024-10-01 00:00:00
1985,985,50.0,2024-10-01 00:00:00
1986,986,60.0,2024-10-01 00:00:00
1987,987,70.0,2024-10-01 00:00:00
1988,988,80.0,2024-10-01 00:00:00
1989,989,90.0,2024-10-01 00:00:00
1990,990,100.0,2024-10-01 00:00:00
1991,991,10.0,2024-10-01 00:00:00
1992,992,20.0,2024-10-01 00:00:00
1993,993,30.0,2024-10-01 00:00:00
1994,994,40.0,2024-10-01 00:00:00
1995,995,50.0,2024-10-01 00:00:00
1996,996,60.0,2024-10-01 00:00:00
1997,997,70.0,2024-10-01 00:00:00
1998,998,80.0,2024-10-01 00:00:00
1999,999,90.0,2024-10-01 00:00:00
2000,1000,100.0,2024-10-01 00:00:00
2001,1,10.0,2024-10-01 00:00:00
2002,2,20.0,2024-10-01 00:00:00
2003,3,30.0,2024-10-01 00:00:00
2004,4,40.0,2024-10-01 00:00:00
2005,5,50.0,2024-10-01 00:00:00
2006,6,60.0,2024-10-01 00:00:00
2007,7,70.0,2024-10-01 00:00:00
2008,8,80.0,2024-10-01 00:00:00
2009,9,90.0,2024-10-01 00:00:00
2010,10,100.0,2024-10-01 00:00:00
2011,11,10.0,2024-10-01 00:00:00
2012,12,20.0,2024-10-01 00:00:00
2013,13,30.0,2024-10-01 00:00:00
2014,14,40.0,2024-10-01 00:00:00
2015,15,50.0,2024-10-01 00:00:00
2016,16,60.0,2024-10-01 00:00:00
2017,17,70.0,2024-10-01 00:00:00
2018,18,80.0,2024-10-01 00:00:00
2019,19,90.0,2024-10-01 00:00:00
2020,20,100.0,2024-10-01 00:00:00
2021,21,10.0,2024-10-01 00:00:00
2022,22,20.0,2024-10-01 00:00:00
2023,23,30.0,2024-10-01 00:00:00
2024,24,40.0,2024-10-01 00:00:00
2025,25,50.0,2024-10-01 00:00:00
2026,26,60.0,2024-10-01 00:00:00
2027,27,70.0,2024-10-01 00:00:00
2028,28,80.0,2024-10-01 00:00:00
2029,29,90.0,2024-10-01 00:00:00
2030,30,100.0,2024-10-01 00:00:00
2031,31,10.0,2024-10-01 00:00:00
2032,32,20.0,2024-10-01 00:00:00
2033,33,30.0,2024-10-01 00:00:00
2034,34,40.0,2024-10-01 00:00:00
2035,35,50.0,2024-10-01 00:00:00
2036,36,60.0,2024-10-01 00:00:00
2037,37,70.0,2024-10-01 00:00:00
2038,38,80.0,2024-10-01 00:00:00
2039,39,90.0,2024-10-01 00:00:00
2040,40,100.0,2024-10-01 00:00:00
2041,41,10.0,2024-10-01 00:00:00
2042,42,20.0,2024-10-01 00:00:00
2043,43,30.0,2024-10-01 00:00:00
2044,44,40.0,2024-10-01 00:00:00
2045,45,50.0,2024-10-01 00:00:00
2046,46,60.0,2024-10-01 00:00:00
2047,47,70.0,2024-10-01 00:00:00
2048,48,80.0,2024-10-01 00:00:00
2049,49,90.0,2024-10-01 00:00:00
2050,50,100.0,2024-10-01 00:00:00
2051,51,10.0,2024-10-01 00:00:00
2052,52,20.0,2024-10-01 00:00:00
2053,53,30.0,2024-10-01 00:00:00
2054,54,40.0,2024-10-01 00:00:00
2055,55,50.0,2024-10-01 00:00:00
2056,56,60.0,2024-10-01 00:00:00
2057,57,70.0,2024-10-01 00:00:00
2058,58,80.0,2024-10-01 00:00:00
2059,59,90.0,2024-10-01 00:00:00
2060,60,100.0,2024-10-01 00:00:00
2061,61,10.0,2024-10-01 00:00:00
2062,62,20.0,2024-10-01 00:00:00
2063,63,30.0,2024-10-01 00:00:00
2064,64,40.0,2024-10-01 00:00:00
2065,65,50.0,2024-10-01 00:00:00
2066,66,60.0,2024-10-01 00:00:00
2067,67,70.0,2024-10-01 00:00:00
2068,68,80.0,2024-10-01 00:00:00
2069,69,90.0,2024-10-01 00:00:00
2070,70,100.0,2024-10-01 00:00:00
2071,71,10.0,2024-10-01 00:00:00
2072,72,20.0,2024-10-01 00:00:00
2073,73,30.0,2024-10-01 00:00:00
2074,74,40.0,2024-10-01 00:00:00
2075,75,50.0,2024-10-01 00:00:00
2076,76,60.0,2024-10-01 00:00:00
2077,77,70.0,2024-10-01 00:00:00
2078,78,80.0,2024-10-01 00:00:00
2079,79,90.0,2024-10-01 00:00:00
2080,80,100.0,2024-10-01 00:00:00
2081,81,10.0,2024-10-01 00:00:00
2082,82,20.0,2024-10-01 00:00:00
2083,83,30.0,2024-10-01 00:00:00
2084,84,40.0,2024-10-01 00:00:00
2085,85,50.0,2024-10-01 00:00:00
2086,86,60.0,2024-10-01 00:00:00
2087,87,70.0,2024-10-01 00:00:00
2088,88,80.0,2024-10-01 00:00:00
2089,89,90.0,2024-10-01 00:00:00
2090,90,100.0,2024-10-01 00:00:00
2091,91,10.0,2024-10-01 00:00:00
2092,92,20.0,2024-10-01 00:00:00
2093,93,30.0,2024-10-01 00:00:00
2094,94,40.0,2024-10-01 00:00:00
2095,95,50.0,2024-10-01 00:00:00
2096,96,60.0,2024-10-01 00:00:00
2097,97,70.0,2024-10-01 00:00:00
2098,98,80.0,2024-10-01 00:00:00
2099,99,90.0,2024-10-01 00:00:00
2100,100,100.0,2024-10-01 00:00:00
2101,101,10.0,2024-10-01 00:00:00
2102,102,20.0,2024-10-01 00:00:00
2103,103,30.0,2024-10-01 00:00:00
2104,104,40.0,2024-10-01 00:00:00
2105,105,50.0,2024-10-01 00:00:00
2106,106,60.0,2024-10-01 00:00:00
2107,107,70.0,2024-10-01 00:00:00
2108,108,80.0,2024-10-01 00:00:00
2109,109,90.0,2024-10-01 00:00:00
2110,110,100.0,2024-10-01 00:00:00
2111,111,10.0,2024-10-01 00:00:00
2112,112,20.0,2024-10-01 00:00:00
2113,113,30.0,2024-10-01 00:00:00
2114,114,40.0,2024-10-01 00:00:00
2115,115,50.0,2024-10-01 00:00:00
2116,116,60.0,2024-10-01 00:00:00
2117,117,70.0,2024-10-01 00:00:00
2118,118,80.0,2024-10-01 00:00:00
2119,119,90.0,2024-10-01 00:00:00
2120,120,100.0,2024-10-01 00:00:00
2121,121,10.0,2024-10-01 00:00:00
2122,122,20.0,2024-10-01 00:00:00
2123,123,30.0,2024-10-01 00:00:00
2124,124,40.0,2024-10-01 00:00:00
2125,125,50.0,2024-10-01 00:00:00
2126,126,60.0,2024-10-01 00:00:00
2127,127,70.0,2024-10-01 00:00:00
2128,128,80.0,2024-10-01 00:00:00
2129,129,90.0,2024-10-01 00:00:00
2130,130,100.0,2024-10-01 00:00:00
2131,131,10.0,2024-10-01 00:00:00
2132,132,20.0,2024-10-01 00:00:00
2133,133,30.0,2024-10-01 00:00:00
2134,134,40.0,2024-10-01 00:00:00
2135,135,50.0,2024-10-01 00:00:00
2136,136,60.0,2024-10-01 00:00:00
2137,137,70.0,2024-10-01 00:00:00
2138,138,80.0,2024-10-01 00:00:00
2139,139,90.0,2024-10-01 00:00:00
2140,140,100.0,2024-10-01 00:00:00
2141,141,10.0,2024-10-01 00:00:00
2142,142,20.0,2024-10-01 00:00:00
2143,143,30.0,2024-10-01 00:00:00
2144,144,40.0,2024-10-01 00:00:00
2145,145,50.0,2024-10-01 00:00:00
2146,146,60.0,2024-10-01 00:00:00
2147,147,70.0,2024-10-01 00:00:00
2148,148,80.0,2024-10-01 00:00:00
2149,149,90.0,2024-10-01 00:00:00
2150,150,100.0,2024-10-01 00:00:00
2151,151,10.0,2024-10-01 00:00:00
2152,152,20.0,2024-10-01 00:00:00
2153,153,30.0,2024-10-01 00:00:00
2154,154,40.0,2024-10-01 00:00:00
2155,155,50.0,2024-10-01 00:00:00
2156,156,60.0,2024-10-01 00:00:00
2157,157,70.0,2024-10-01 00:00:00
2158,158,80.0,2024-10-01 00:00:00
2159,159,90.0,2024-10-01 00:00:00
2160,160,100.0,2024-10-01 00:00:00
2161,161,10.0,2024-10-01 00:00:00
2162,162,20.0,2024-10-01 00:00:00
2163,163,30.0,2024-10-01 00:00:00
2164,164,40.0,2024-10-01 00:00:00
2165,165,50.0,2024-10-01 00:00:00
2166,166,60.0,2024-10-01 00:00:00
2167,167,70.0,2024-10-01 00:00:00
2168,168,80.0,2024-10-01 00:00:00
2169,169,90.0,2024-10-01 00:00:00
2170,170,100.0,2024-10-01 00:00:00
2171,171,10.0,2024-10-01 00:00:00
2172,172,20.0,2024-10-01 00:00:00
2173,173,30.0,2024-10-01 00:00:00
2174,174,40.0,2024-10-01 00:00:00
2175,175,50.0,2024-10-01 00:00:00
2176,176,60.0,2024-10-01 00:00:00
2177,177,70.0,2024-10-01 00:00:00
2178,178,80.0,2024-10-01 00:00:00
2179,179,90.0,2024-10-01 00:00:00
2180,180,100.0,2024-10-01 00:00:00
2181,181,10.0,2024-10-01 00:00:00
2182,182,20.0,2024-10-01 00:00:00
2183,183,30.0,2024-10-01 00:00:00
2184,184,40.0,2024-10-01 00:00:00
2185,185,50.0,2024-10-01 00:00:00
2186,186,60.0,2024-10-01 00:00:00
2187,187,70.0,2024-10-01 00:00:00
2188,188,80.0,2024-10-01 00:00:00
2189,189,90.0,2024-10-01 00:00:00
2190,190,100.0,2024-10-01 00:00:00
2191,191,10.0,2024-10-01 00:00:00
2192,192,20.0,2024-10-01 00:00:00
2193,193,30.0,2024-10-01 00:00:00
2194,194,40.0,2024-10-01 00:00:00
2195,195,50.0,2024-10-01 00:00:00
2196,196,60.0,2024-10-01 00:00:00
2197,197,70.0,2024-10-01 00:00:00
2198,198,80.0,2024-10-01 00:00:00
2199,199,90.0,2024-10-01 00:00:00
2200,200,100.0,2024-10-01 00:00:00
2201,201,10.0,2024-10-01 00:00:00
2202,202,20.0,2024-10-01 00:00:00
2203,203,30.0,2024-10-01 00:00:00
2204,204,40.0,2024-10-01 00:00:00
2205,205,50.0,2024-10-01 00:00:00
2206,206,60.0,2024-10-01 00:00:00
2207,207,70.0,2024-10-01 00:00:00
2208,208,80.0,2024-10-01 00:00:00
2209,209,90.0,2024-10-01 00:00:00
2210,210,100.0,2024-10-01 00:00:00
2211,211,10.0,2024-10-01 00:00:00
2212,212,20.0,2024-10-01 00:00:00
2213,213,30.0,2024-10-01 00:00:00
2214,214,40.0,2024-10-01 00:00:00
2215,215,50.0,2024-10-01 00:00:00
2216,216,60.0,2024-10-01 00:00:00
2217,217,70.0,2024-10-01 00:00:00
2218,218,80.0,2024-10-01 00:00:00
2219,219,90.0,2024-10-01 00:00:00
2220,220,100.0,2024-10-01 00:00:00
2221,221,10.0,2024-10-01 00:00:00
2222,222,20.0,2024-10-01 00:00:00
2223,223,30.0,2024-10-01 00:00:00
2224,224,40.0,2024-10-01 00:00:00
2225,225,50.0,2024-10-01 00:00:00
2226,226,60.0,2024-10-01 00:00:00
2227,227,70.0,2024-10-01 00:00:00
2228,228,80.0,2024-10-01 00:00:00
2229,229,90.0,2024-10-01 00:00:00
2230,230,100.0,2024-10-01 00:00:00
2231,231,10.0,2024-10-01 00:00:00
2232,232,20.0,2024-10-01 00:00:00
2233,233,30.0,2024-10-01 00:00:00
2234,234,40.0,2024-10-01 00:00:00
2235,235,50.0,2024-10-01 00:00:00
2236,236,60.0,2024-10-01 00:00:00
2237,237,70.0,2024-10-01 00:00:00
2238,238,80.0,2024-10-01 00:00:00
2239,239,90.0,2024-10-01 00:00:00
2240,240,100.0,2024-10-01 00:00:00
2241,241,10.0,2024-10-01 00:00:00
2242,242,20.0,2024-10-01 00:00:00
2243,243,30.0,2024-10-01 00:00:00
2244,244,40.0,2024-10-01 00:00:00
2245,245,50.0,2024-10-01 00:00:00
2246,246,60.0,2024-10-01 00:00:00
2247,247,70.0,2024-10-01 00:00:00
2248,248,80.0,2024-10-01 00:00:00
2249,249,90.0,2024-10-01 00:00:00
2250,250,100.0,2024-10-01 00:00:00
2251,251,10.0,2024-10-01 00:00:00
2252,252,20.0,2024-10-01 00:00:00
2253,253,30.0,2024-10-01 00:00:00
2254,254,40.0,2024-10-01 00:00:00
2255,255,50.0,2024-10-01 00:00:00
2256,256,60.0,2024-10-01 00:00:00
2257,257,70.0,2024-10-01 00:00:00
2258,258,80.0,2024-10-01 00:00:00
2259,259,90.0,2024-10-01 00:00:00
2260,260,100.0,2024-10-01 00:00:00
2261,261,10.0,2024-10-01 00:00:00
2262,262,20.0,2024-10-01 00:00:00
2263,263,30.0,2024-10-01 00:00:00
2264,264,40.0,2024-10-01 00:00:00
2265,265,50.0,2024-10-01 00:00:00
2266,266,60.0,2024-10-01 00:00:00
2267,267,70.0,2024-10-01 00:00:00
2268,268,80.0,2024-10-01 00:00:00
2269,269,90.0,2024-10-01 00:00:00
2270,270,100.0,2024-10-01 00:00:00
2271,271,10.0,2024-10-01 00:00:00
2272,272,20.0,2024-10-01 00:00:00
2273,273,30.0,2024-10-01 00:00:00
2274,274,40.0,2024-10-01 00:00:00
2275,275,50.0,2024-10-01 00:00:00
2276,276,60.0,2024-10-01 00:00:00
2277,277,70.0,2024-10-01 00:00:00
2278,278,80.0,2024-10-01 00:00:00
2279,279,90.0,2024-10-01 00:00:00
2280,280,100.0,2024-10-01 00:00:00
2281,281,10.0,2024-10-01 00:00:00
2282,282,20.0,2024-10-01 00:00:00
2283,283,30.0,2024-10-01 00:00:00
2284,284,40.0,2024-10-01 00:00:00
2285,285,50.0,2024-10-01 00:00:00
2286,286,60.0,2024-10-01 00:00:00
2287,287,70.0,2024-10-01 00:00:00
2288,288,80.0,2024-10-01 00:00:00
2289,289,90.0,2024-10-01 00:00:00
2290,290,100.0,2024-10-01 00:00:00
2291,291,10.0,2024-10-01 00:00:00
2292,292,20.0,2024-10-01 00:00:00
2293,293,30.0,2024-10-01 00:00:00
2294,294,40.0,2024-10-01 00:00:00
2295,295,50.0,2024-10-01 00:00:00
2296,296,60.0,2024-10-01 00:00:00
2297,297,70.0,2024-10-01 00:00:00
2298,298,80.0,2024-10-01 00:00:00
2299,299,90.0,2024-10-01 00:00:00
2300,300,100.0,2024-10-01 00:00:00
2301,301,10.0,2024-10-01 00:00:00
2302,302,20.0,2024-10-01 00:00:00
2303,303,30.0,2024-10-01 00:00:00
2304,304,40.0,2024-10-01 00:00:00
2305,305,50.0,2024-10-01 00:00:00
2306,306,60.0,2024-10-01 00:00:00
2307,307,70.0,2024-10-01 00:00:00
2308,308,80.0,2024-10-01 00:00:00
2309,309,90.0,2024-10-01 00:00:00
2310,310,100.0,2024-10-01 00:00:00
2311,311,10.0,2024-10-01 00:00:00
2312,312,20.0,2024-10-01 00:00:00
2313,313,30.0,2024-10-01 00:00:00
2314,314,40.0,2024-10-01 00:00:00
2315,315,50.0,2024-10-01 00:00:00
2316,316,60.0,2024-10-01 00:00:00
2317,317,70.0,2024-10-01 00:00:00
2318,318,80.0,2024-10-01 00:00:00
2319,319,90.0,2024-10-01 00:00:00
2320,320,100.0,2024-10-01 00:00:00
2321,321,10.0,2024-10-01 00:00:00
2322,322,20.0,2024-10-01 00:00:00
2323,323,30.0,2024-10-01 00:00:00
2324,324,40.0,2024-10-01 00:00:00
2325,325,50.0,2024-10-01 00:00:00
2326,326,60.0,2024-10-01 00:00:00
2327,327,70.0,2024-10-01 00:00:00
2328,328,80.0,2024-10-01 00:00:00
2329,329,90.0,2024-10-01 00:00:00
2330,330,100.0,2024-10-01 00:00:00
2331,331,10.0,2024-10-01 00:00:00
2332,332,20.0,2024-10-01 00:00:00
2333,333,30.0,2024-10-01 00:00:00
2334,334,40.0,2024-10-01 00:00:00
2335,335,50.0,2024-10-01 00:00:00
2336,336,60.0,2024-10-01 00:00:00
2337,337,70.0,2024-10-01 00:00:00
2338,338,80.0,2024-10-01 00:00:00
2339,339,90.0,2024-10-01 00:00:00
2340,340,100.0,2024-10-01 00:00:00
2341,341,10.0,2024-10-01 00:00:00
2342,342,20.0,2024-10-01 00:00:00
2343,343,30.0,2024-10-01 00:00:00
2344,344,40.0,2024-10-01 00:00:00
2345,345,50.0,2024-10-01 00:00:00
2346,346,60.0,2024-10-01 00:00:00
2347,347,70.0,2024-10-01 00:00:00
2348,348,80.0,2024-10-01 00:00:00
2349,349,90.0,2024-10-01 00:00:00
2350,350,100.0,2024-10-01 00:00:00
2351,351,10.0,2024-10-01 00:00:00
2352,352,20.0,2024-10-01 00:00:00
2353,353,30.0,2024-10-01 00:00:00
2354,354,40.0,2024-10-01 00:00:00
2355,355,50.0,2024-10-01 00:00:00
2356,356,60.0,2024-10-01 00:00:00
2357,357,70.0,2024-10-01 00:00:00
2358,358,80.0,2024-10-01 00:00:00
2359,359,90.0,2024-10-01 00:00:00
2360,360,100.0,2024-10-01 00:00:00
2361,361,10.0,2024-10-01 00:00:00
2362,362,20.0,2024-10-01 00:00:00
2363,363,30.0,2024-10-01 00:00:00
2364,364,40.0,2024-10-01 00:00:00
2365,365,50.0,2024-10-01 00:00:00
2366,366,60.0,2024-10-01 00:00:00
2367,367,70.0,2024-10-01 00:00:00
2368,368,80.0,2024-10-01 00:00:00
2369,369,90.0,2024-10-01 00:00:00
2370,370,100.0,2024-10-01 00:00:00
2371,371,10.0,2024-10-01 00:00:00
2372,372,20.0,2024-10-01 00:00:00
2373,373,30.0,2024-10-01 00:00:00
2374,374,40.0,2024-10-01 00:00:00
2375,375,50.0,2024-10-01 00:00:00
2376,376,60.0,2024-10-01 00:00:00
2377,377,70.0,2024-10-01 00:00:00
2378,378,80.0,2024-10-01 00:00:00
2379,379,90.0,2024-10-01 00:00:00
2380,380,100.0,2024-10-01 00:00:00
2381,381,10.0,2024-10-01 00:00:00
2382,382,20.0,2024-10-01 00:00:00
2383,383,30.0,2024-10-01 00:00:00
2384,384,40.0,2024-10-01 00:00:00
2385,385,50.0,2024-10-01 00:00:00
2386,386,60.0,2024-10-01 00:00:00
2387,387,70.0,2024-10-01 00:00:00
2388,388,80.0,2024-10-01 00:00:00
2389,389,90.0,2024-10-01 00:00:00
2390,390,100.0,2024-10-01 00:00:00
2391,391,10.0,2024-10-01 00:00:00
2392,392,20.0,2024-10-01 00:00:00
2393,393,30.0,2024-10-01 00:00:00
2394,394,40.0,2024-10-01 00:00:00
2395,395,50.0,2024-10-01 00:00:00
2396,396,60.0,2024-10-01 00:00:00
2397,397,70.0,2024-10-01 00:00:00
2398,398,80.0,2024-10-01 00:00:00
2399,399,90.0,2024-10-01 00:00:00
2400,400,100.0,2024-10-01 00:00:00
2401,401,10.0,2024-10-01 00:00:00
2402,402,20.0,2024-10-01 00:00:00
2403,403,30.0,2024-10-01 00:00:00
2404,404,40.0,2024-10-01 00:00:00
2405,405,50.0,2024-10-01 00:00:00
2406,406,60.0,2024-10-01 00:00:00
2407,407,70.0,2024-10-01 00:00:00
2408,408,80.0,2024-10-01 00:00:00
2409,409,90.0,2024-10-01 00:00:00
2410,410,100.0,2024-10-01 00:00:00
2411,411,10.0,2024-10-01 00:00:00
2412,412,20.0,2024-10-01 00:00:00
2413,413,30.0,2024-10-01 00:00:00
2414,414,40.0,2024-10-01 00:00:00
2415,415,50.0,2024-10-01 00:00:00
2416,416,60.0,2024-10-01 00:00:00
2417,417,70.0,2024-10-01 00:00:00
2418,418,80.0,2024-10-01 00:00:00
2419,419,90.0,2024-10-01 00:00:00
2420,420,100.0,2024-10-01 00:00:00
2421,421,10.0,2024-10-01 00:00:00
2422,422,20.0,2024-10-01 00:00:00
2423,423,30.0,2024-10-01 00:00:00
2424,424,40.0,2024-10-01 00:00:00
2425,425,50.0,2024-10-01 00:00:00
2426,426,60.0,2024-10-01 00:00:00
2427,427,70.0,2024-10-01 00:00:00
2428,428,80.0,2024-10-01 00:00:00
2429,429,90.0,2024-10-01 00:00:00
2430,430,100.0,2024-10-01 00:00:00
2431,431,10.0,2024-10-01 00:00:00
2432,432,20.0,2024-10-01 00:00:00
2433,433,30.0,2024-10-01 00:00:00
2434,434,40.0,2024-10-01 00:00:00
2435,435,50.0,2024-10-01 00:00:00
2436,436,60.0,2024-10-01 00:00:00
2437,437,70.0,2024-10-01 00:00:00
2438,438,80.0,2024-10-01 00:00:00
2439,439,90.0,2024-10-01 00:00:00
2440,440,100.0,2024-10-01 00:00:00
2441,441,10.0,2024-10-01 00:00:00
2442,442,20.0,2024-10-01 00:00:00
2443,443,30.0,2024-10-01 00:00:00
2444,444,40.0,2024-10-01 00:00:00
2445,445,50.0,2024-10-01 00:00:00
2446,446,60.0,2024-10-01 00:00:00
2447,447,70.0,2024-10-01 00:00:00
2448,448,80.0,2024-10-01 00:00:00
2449,449,90.0,2024-10-01 00:00:00
2450,450,100.0,2024-10-01 00:00:00
2451,451,10.0,2024-10-01 00:00:00
2452,452,20.0,2024-10-01 00:00:00
2453,453,30.0,2024-10-01 00:00:00
2454,454,40.0,2024-10-01 00:00:00
2455,455,50.0,2024-10-01 00:00:00
2456,456,60.0,2024-10-01 00:00:00
2457,457,70.0,2024-10-01 00:00:00
2458,458,80.0,2024-10-01 00:00:00
2459,459,90.0,2024-10-01 00:00:00
2460,460,100.0,2024-10-01 00:00:00
2461,461,10.0,2024-10-01 00:00:00
2462,462,20.0,2024-10-01 00:00:00
2463,463,30.0,2024-10-01 00:00:00
2464,464,40.0,2024-10-01 00:00:00
2465,465,50.0,2024-10-01 00:00:00
2466,466,60.0,2024-10-01 00:00:00
2467,467,70.0,2024-10-01 00:00:00
2468,468,80.0,2024-10-01 00:00:00
2469,469,90.0,2024-10-01 00:00:00
2470,470,100.0,2024-10-01 00:00:00
2471,471,10.0,2024-10-01 00:00:00
2472,472,20.0,2024-10-01 00:00:00
2473,473,30.0,2024-10-01 00:00:00
2474,474,40.0,2024-10-01 00:00:00
2475,475,50.0,2024-10-01 00:00:00
2476,476,60.0,2024-10-01 00:00:00
2477,477,70.0,2024-10-01 00:00:00
2478,478,80.0,2024-10-01 00:00:00
2479,479,90.0,2024-10-01 00:00:00
2480,480,100.0,2024-10-01 00:00:00
2481,481,10.0,2024-10-01 00:00:00
2482,482,20.0,2024-10-01 00:00:00
2483,483,30.0,2024-10-01 00:00:00
2484,484,40.0,2024-10-01 00:00:00
2485,485,50.0,2024-10-01 00:00:00
2486,486,60.0,2024-10-01 00:00:00
2487,487,70.0,2024-10-01 00:00:00
2488,488,80.0,2024-10-01 00:00:00
2489,489,90.0,2024-10-01 00:00:00
2490,490,100.0,2024-10-01 00:00:00
2491,491,10.0,2024-10-01 00:00:00
2492,492,20.0,2024-10-01 00:00:00
2493,493,30.0,2024-10-01 00:00:00
2494,494,40.0,2024-10-01 00:00:00
2495,495,50.0,2024-10-01 00:00:00
2496,496,60.0,2024-10-01 00:00:00
2497,497,70.0,2024-10-01 00:00:00
2498,498,80.0,2024-10-01 00:00:00
2499,499,90.0,2024-10-01 00:00:00
2500,500,100.0,2024-10-01 00:00:00
2501,501,10.0,2024-10-01 00:00:00
2502,502,20.0,2024-10-01 00:00:00
2503,503,30.0,2024-10-01 00:00:00
2504,504,40.0,2024-10-01 00:00:00
2505,505,50.0,2024-10-01 00:00:00
2506,506,60.0,2024-10-01 00:00:00
2507,507,70.0,2024-10-01 00:00:00
2508,508,80.0,2024-10-01 00:00:00
2509,509,90.0,2024-10-01 00:00:00
2510,510,100.0,2024-10-01 00:00:00
2511,511,10.0,2024-10-01 00:00:00
2512,512,20.0,2024-10-01 00:00:00
2513,513,30.0,2024-10-01 00:00:00
2514,514,40.0,2024-10-01 00:00:00
2515,515,50.0,2024-10-01 00:00:00
2516,516,60.0,2024-10-01 00:00:00
2517,517,70.0,2024-10-01 00:00:00
2518,518,80.0,2024-10-01 00:00:00
2519,519,90.0,2024-10-01 00:00:00
2520,520,100.0,2024-10-01 00:00:00
2521,521,10.0,2024-10-01 00:00:00
2522,522,20.0,2024-10-01 00:00:00
2523,523,30.0,2024-10-01 00:00:00
2524,524,40.0,2024-10-01 00:00:00
2525,525,50.0,2024-10-01 00:00:00
2526,526,60.0,2024-10-01 00:00:00
2527,527,70.0,2024-10-01 00:00:00
2528,528,80.0,2024-10-01 00:00:00
2529,529,90.0,2024-10-01 00:00:00
2530,530,100.0,2024-10-01 00:00:00
2531,531,10.0,2024-10-01 00:00:00
2532,532,20.0,2024-10-01 00:00:00
2533,533,30.0,2024-10-01 00:00:00
2534,534,40.0,2024-10-01 00:00:00
2535,535,50.0,2024-10-01 00:00:00
2536,536,60.0,2024-10-01 00:00:00
2537,537,70.0,2024-10-01 00:00:00
2538,538,80.0,2024-10-01 00:00:00
2539,539,90.0,2024-10-01 00:00:00
2540,540,100.0,2024-10-01 00:00:00
2541,541,10.0,2024-10-01 00:00:00
2542,542,20.0,2024-10-01 00:00:00
2543,543,30.0,2024-10-01 00:00:00
2544,544,40.0,2024-10-01 00:00:00
2545,545,50.0,2024-10-01 00:00:00
2546,546,60.0,2024-10-01 00:00:00
2547,547,70.0,2024-10-01 00:00:00
2548,548,80.0,2024-10-01 00:00:00
2549,549,90.0,2024-10-01 00:00:00
2550,550,100.0,2024-10-01 00:00:00
2551,551,10.0,2024-10-01 00:00:00
2552,552,20.0,2024-10-01 00:00:00
2553,553,30.0,2024-10-01 00:00:00
2554,554,40.0,2024-10-01 00:00:00
2555,555,50.0,2024-10-01 00:00:00
2556,556,60.0,2024-10-01 00:00:00
2557,557,70.0,2024-10-01 00:00:00
2558,558,80.0,2024-10-01 00:00:00
2559,559,90.0,2024-10-01 00:00:00
2560,560,100.0,2024-10-01 00:00:00
2561,561,10.0,2024-10-01 00:00:00
2562,562,20.0,2024-10-01 00:00:00
2563,563,30.0,2024-10-01 00:00:00
2564,564,40.0,2024-10-01 00:00:00
2565,565,50.0,2024-10-01 00:00:00
2566,566,60.0,2024-10-01 00:00:00
2567,567,70.0,2024-10-01 00:00:00
2568,568,80.0,2024-10-01 00:00:00
2569,569,90.0,2024-10-01 00:00:00
2570,570,100.0,2024-10-01 00:00:00
2571,571,10.0,2024-10-01 00:00:00
2572,572,20.0,2024-10-01 00:00:00
2573,573,30.0,2024-10-01 00:00:00
2574,574,40.0,2024-10-01 00:00:00
2575,575,50.0,2024-10-01 00:00:00
2576,576,60.0,2024-10-01 00:00:00
2577,577,70.0,2024-10-01 00:00:00
2578,578,80.0,2024-10-01 00:00:00
2579,579,90.0,2024-10-01 00:00:00
2580,580,100.0,2024-10-01 00:00:00
2581,581,10.0,2024-10-01 00:00:00
2582,582,20.0,2024-10-01 00:00:00
2583,583,30.0,2024-10-01 00:00:00
2584,584,40.0,2024-10-01 00:00:00
2585,585,50.0,2024-10-01 00:00:00
2586,586,60.0,2024-10-01 00:00:00
2587,587,70.0,2024-10-01 00:00:00
2588,588,80.0,2024-10-01 00:00:00
2589,589,90.0,2024-10-01 00:00:00
2590,590,100.0,2024-10-01 00:00:00
2591,591,10.0,2024-10-01 00:00:00
2592,592,20.0,2024-10-01 00:00:00
2593,593,30.0,2024-10-01 00:00:00
2594,594,40.0,2024-10-01 00:00:00
2595,595,50.0,2024-10-01 00:00:00
2596,596,60.0,2024-10-01 00:00:00
2597,597,70.0,2024-10-01 00:00:00
2598,598,80.0,2024-10-01 00:00:00
2599,599,90.0,2024-10-01 00:00:00
2600,600,100.0,2024-10-01 00:00:00
2601,601,10.0,2024-10-01 00:00:00
2602,602,20.0,2024-10-01 00:00:00
2603,603,30.0,2024-10-01 00:00:00
2604,604,40.0,2024-10-01 00:00:00
2605,605,50.0,2024-10-01 00:00:00
2606,606,60.0,2024-10-01 00:00:00
2607,607,70.0,2024-10-01 00:00:00
2608,608,80.0,2024-10-01 00:00:00
2609,609,90.0,2024-10-01 00:00:00
2610,610,100.0,2024-10-01 00:00:00
2611,611,10.0,2024-10-01 00:00:00
2612,612,20.0,2024-10-01 00:00:00
2613,613,30.0,2024-10-01 00:00:00
2614,614,40.0,2024-10-01 00:00:00
2615,615,50.0,2024-10-01 00:00:00
2616,616,60.0,2024-10-01 00:00:00
2617,617,70.0,2024-10-01 00:00:00
2618,618,80.0,2024-10-01 00:00:00
2619,619,90.0,2024-10-01 00:00:00
2620,620,100.0,2024-10-01 00:00:00
2621,621,10.0,2024-10-01 00:00:00
2622,622,20.0,2024-10-01 00:00:00
2623,623,30.0,2024-10-01 00:00:00
2624,624,40.0,2024-10-01 00:00:00
2625,625,50.0,2024-10-01 00:00:00
2626,626,60.0,2024-10-01 00:00:00
2627,627,70.0,2024-10-01 00:00:00
2628,628,80.0,2024-10-01 00:00:00
2629,629,90.0,2024-10-01 00:00:00
2630,630,100.0,2024-10-01 00:00:00
2631,631,10.0,2024-10-01 00:00:00
2632,632,20.0,2024-10-01 00:00:00
2633,633,30.0,2024-10-01 00:00:00
2634,634,40.0,2024-10-01 00:00:00
2635,635,50.0,2024-10-01 00:00:00
2636,636,60.0,2024-10-01 00:00:00
2637,637,70.0,2024-10-01 00:00:00
2638,638,80.0,2024-10-01 00:00:00
2639,639,90.0,2024-10-01 00:00:00
2640,640,100.0,2024-10-01 00:00:00
2641,641,10.0,2024-10-01 00:00:00
2642,642,20.0,2024-10-01 00:00:00
2643,643,30.0,2024-10-01 00:00:00
2644,644,40.0,2024-10-01 00:00:00
2645,645,50.0,2024-10-01 00:00:00
2646,646,60.0,2024-10-01 00:00:00
2647,647,70.0,2024-10-01 00:00:00
2648,648,80.0,2024-10-01 00:00:00
2649,649,90.0,2024-10-01 00:00:00
2650,650,100.0,2024-10-01 00:00:00
2651,651,10.0,2024-10-01 00:00:00
2652,652,20.0,2024-10-01 00:00:00
2653,653,30.0,2024-10-01 00:00:00
2654,654,40.0,2024-10-01 00:00:00
2655,655,50.0,2024-10-01 00:00:00
2656,656,60.0,2024-10-01 00:00:00
2657,657,70.0,2024-10-01 00:00:00
2658,658,80.0,2024-10-01 00:00:00
2659,659,90.0,2024-10-01 00:00:00
2660,660,100.0,2024-10-01 00:00:00
2661,661,10.0,2024-10-01 00:00:00
2662,662,20.0,2024-10-01 00:00:00
2663,663,30.0,2024-10-01 00:00:00
2664,664,40.0,2024-10-01 00:00:00
2665,665,50.0,2024-10-01 00:00:00
2666,666,60.0,2024-10-01 00:00:00
2667,667,70.0,2024-10-01 00:00:00
2668,668,80.0,2024-10-01 00:00:00
2669,669,90.0,2024-10-01 00:00:00
2670,670,100.0,2024-10-01 00:00:00
2671,671,10.0,2024-10-01 00:00:00
2672,672,20.0,2024-10-01 00:00:00
2673,673,30.0,2024-10-01 00:00:00
2674,674,40.0,2024-10-01 00:00:00
2675,675,50.0,2024-10-01 00:00:00
2676,676,60.0,2024-10-01 00:00:00
2677,677,70.0,2024-10-01 00:00:00
2678,678,80.0,2024-10-01 00:00:00
2679,679,90.0,2024-10-01 00:00:00
2680,680,100.0,2024-10-01 00:00:00
2681,681,10.0,2024-10-01 00:00:00
2682,682,20.0,2024-10-01 00:00:00
2683,683,30.0,2024-10-01 00:00:00
2684,684,40.0,2024-10-01 00:00:00
2685,685,50.0,2024-10-01 00:00:00
2686,686,60.0,2024-10-01 00:00:00
2687,687,70.0,2024-10-01 00:00:00
2688,688,80.0,2024-10-01 00:00:00
2689,689,90.0,2024-10-01 00:00:00
2690,690,100.0,2024-10-01 00:00:00
2691,691,10.0,2024-10-01 00:00:00
2692,692,20.0,2024-10-01 00:00:00
2693,693,30.0,2024-10-01 00:00:00
2694,694,40.0,2024-10-01 00:00:00
2695,695,50.0,2024-10-01 00:00:00
2696,696,60.0,2024-10-01 00:00:00
2697,697,70.0,2024-10-01 00:00:00
2698,698,80.0,2024-10-01 00:00:00
2699,699,90.0,2024-10-01 00:00:00
2700,700,100.0,2024-10-01 00:00:00
2701,701,10.0,2024-10-01 00:00:00
2702,702,20.0,2024-10-01 00:00:00
2703,703,30.0,2024-10-01 00:00:00
2704,704,40.0,2024-10-01 00:00:00
2705,705,50.0,2024-10-01 00:00:00
2706,706,60.0,2024-10-01 00:00:00
2707,707,70.0,2024-10-01 00:00:00
2708,708,80.0,2024-10-01 00:00:00
2709,709,90.0,2024-10-01 00:00:00
2710,710,100.0,2024-10-01 00:00:00
2711,711,10.0,2024-10-01 00:00:00
2712,712,20.0,2024-10-01 00:00:00
2713,713,30.0,2024-10-01 00:00:00
2714,714,40.0,2024-10-01 00:00:00
2715,715,50.0,2024-10-01 00:00:00
2716,716,60.0,2024-10-01 00:00:00
2717,717,70.0,2024-10-01 00:00:00
2718,718,80.0,2024-10-01 00:00:00
2719,719,90.0,2024-10-01 00:00:00
2720,720,100.0,2024-10-01 00:00:00
2721,721,10.0,2024-10-01 00:00:00
2722,722,20.0,2024-10-01 00:00:00
2723,723,30.0,2024-10-01 00:00:00
2724,724,40.0,2024-10-01 00:00:00
2725,725,50.0,2024-10-01 00:00:00
2726,726,60.0,2024-10-01 00:00:00
2727,727,70.0,2024-10-01 00:00:00
2728,728,80.0,2024-10-01 00:00:00
2729,729,90.0,2024-10-01 00:00:00
2730,730,100.0,2024-10-01 00:00:00
2731,731,10.0,2024-10-01 00:00:00
2732,732,20.0,2024-10-01 00:00:00
2733,733,30.0,2024-10-01 00:00:00
2734,734,40.0,2024-10-01 00:00:00
2735,735,50.0,2024-10-01 00:00:00
2736,736,60.0,2024-10-01 00:00:00
2737,737,70.0,2024-10-01 00:00:00
2738,738,80.0,2024-10-01 00:00:00
2739,739,90.0,2024-10-01 00:00:00
2740,740,100.0,2024-10-01 00:00:00
2741,741,10.0,2024-10-01 00:00:00
2742,742,20.0,2024-10-01 00:00:00
2743,743,30.0,2024-10-01 00:00:00
2744,744,40.0,2024-10-01 00:00:00
2745,745,50.0,2024-10-01 00:00:00
2746,746,60.0,2024-10-01 00:00:00
2747,747,70.0,2024-10-01 00:00:00
2748,748,80.0,2024-10-01 00:00:00
2749,749,90.0,2024-10-01 00:00:00
2750,750,100.0,2024-10-01 00:00:00
2751,751,10.0,2024-10-01 00:00:00
2752,752,20.0,2024-10-01 00:00:00
2753,753,30.0,2024-10-01 00:00:00
2754,754,40.0,2024-10-01 00:00:00
2755,755,50.0,2024-10-01 00:00:00
2756,756,60.0,2024-10-01 00:00:00
2757,757,70.0,2024-10-01 00:00:00
2758,758,80.0,2024-10-01 00:00:00
2759,759,90.0,2024-10-01 00:00:00
2760,760,100.0,2024-10-01 00:00:00
2761,761,10.0,2024-10-01 00:00:00
2762,762,20.0,2024-10-01 00:00:00
2763,763,30.0,2024-10-01 00:00:00
2764,764,40.0,2024-10-01 00:00:00
2765,765,50.0,2024-10-01 00:00:00
2766,766,60.0,2024-10-01 00:00:00
2767,767,70.0,2024-10-01 00:00:00
2768,768,80.0,2024-10-01 00:00:00
2769,769,90.0,2024-10-01 00:00:00
2770,770,100.0,2024-10-01 00:00:00
2771,771,10.0,2024-10-01 00:00:00
2772,772,20.0,2024-10-01 00:00:00
2773,773,30.0,2024-10-01 00:00:00
2774,774,40.0,2024-10-01 00:00:00
2775,775,50.0,2024-10-01 00:00:00
2776,776,60.0,2024-10-01 00:00:00
2777,777,70.0,2024-10-01 00:00:00
2778,778,80.0,2024-10-01 00:00:00
2779,779,90.0,2024-10-01 00:00:00
2780,780,100.0,2024-10-01 00:00:00
2781,781,10.0,2024-10-01 00:00:00
2782,782,20.0,2024-10-01 00:00:00
2783,783,30.0,2024-10-01 00:00:00
2784,784,40.0,2024-10-01 00:00:00
2785,785,50.0,2024-10-01 00:00:00
2786,786,60.0,2024-10-01 00:00:00
2787,787,70.0,2024-10-01 00:00:00
2788,788,80.0,2024-10-01 00:00:00
2789,789,90.0,2024-10-01 00:00:00
2790,790,100.0,2024-10-01 00:00:00
2791,791,10.0,2024-10-01 00:00:00
2792,792,20.0,2024-10-01 00:00:00
2793,793,30.0,2024-10-01 00:00:00
2794,794,40.0,2024-10-01 00:00:00
2795,795,50.0,2024-10-01 00:00:00
2796,796,60.0,2024-10-01 00:00:00
2797,797,70.0,2024-10-01 00:00:00
2798,798,80.0,2024-10-01 00:00:00
2799,799,90.0,2024-10-01 00:00:00
2800,800,100.0,2024-10-01 00:00:00
2801,801,10.0,2024-10-01 00:00:00
2802,802,20.0,2024-10-01 00:00:00
2803,803,30.0,2024-10-01 00:00:00
2804,804,40.0,2024-10-01 00:00:00
2805,805,50.0,2024-10-01 00:00:00
2806,806,60.0,2024-10-01 00:00:00
2807,807,70.0,2024-10-01 00:00:00
2808,808,80.0,2024-10-01 00:00:00
2809,809,90.0,2024-10-01 00:00:00
2810,810,100.0,2024-10-01 00:00:00
2811,811,10.0,2024-10-01 00:00:00
2812,812,20.0,2024-10-01 00:00:00
2813,813,30.0,2024-10-01 00:00:00
2814,814,40.0,2024-10-01 00:00:00
2815,815,50.0,2024-10-01 00:00:00
2816,816,60.0,2024-10-01 00:00:00
2817,817,70.0,2024-10-01 00:00:00
2818,818,80.0,2024-10-01 00:00:00
2819,819,90.0,2024-10-01 00:00:00
2820,820,100.0,2024-10-01 00:00:00
2821,821,10.0,2024-10-01 00:00:00
2822,822,20.0,2024-10-01 00:00:00
2823,823,30.0,2024-10-01 00:00:00
2824,824,40.0,2024-10-01 00:00:00
2825,825,50.0,2024-10-01 00:00:00
2826,826,60.0,2024-10-01 00:00:00
2827,827,70.0,2024-10-01 00:00:00
2828,828,80.0,2024-10-01 00:00:00
2829,829,90.0,2024-10-01 00:00:00
2830,830,100.0,2024-10-01 00:00:00
2831,831,10.0,2024-10-01 00:00:00
2832,832,20.0,2024-10-01 00:00:00
2833,833,30.0,2024-10-01 00:00:00
2834,834,40.0,2024-10-01 00:00:00
2835,835,50.0,2024-10-01 00:00:00
2836,836,60.0,2024-10-01 00:00:00
2837,837,70.0,2024-10-01 00:00:00
2838,838,80.0,2024-10-01 00:00:00
2839,839,90.0,2024-10-01 00:00:00
2840,840,100.0,2024-10-01 00:00:00
2841,841,10.0,2024-10-01 00:00:00
2842,842,20.0,2024-10-01 00:00:00
2843,843,30.0,2024-10-01 00:00:00
2844,844,40.0,2024-10-01 00:00:00
2845,845,50.0,2024-10-01 00:00:00
2846,846,60.0,2024-10-01 00:00:00
2847,847,70.0,2024-10-01 00:00:00
2848,848,80.0,2024-10-01 00:00:00
2849,849,90.0,2024-10-01 00:00:00
2850,850,100.0,2024-10-01 00:00:00
2851,851,10.0,2024-10-01 00:00:00
2852,852,20.0,2024-10-01 00:00:00
2853,853,30.0,2024-10-01 00:00:00
2854,854,40.0,2024-10-01 00:00:00
2855,855,50.0,2024-10-01 00:00:00
2856,856,60.0,2024-10-01 00:00:00
2857,857,70.0,2024-10-01 00:00:00
2858,858,80.0,2024-10-01 00:00:00
2859,859,90.0,2024-10-01 00:00:00
2860,860,100.0,2024-10-01 00:00:00
2861,861,10.0,2024-10-01 00:00:00
2862,862,20.0,2024-10-01 00:00:00
2863,863,30.0,2024-10-01 00:00:00
2864,864,40.0,2024-10-01 00:00:00
2865,865,50.0,2024-10-01 00:00:00
2866,866,60.0,2024-10-01 00:00:00
2867,867,70.0,2024-10-01 00:00:00
2868,868,80.0,2024-10-01 00:00:00
2869,869,90.0,2024-10-01 00:00:00
2870,870,100.0,2024-10-01 00:00:00
2871,871,10.0,2024-10-01 00:00:00
2872,872,20.0,2024-10-01 00:00:00
2873,873,30.0,2024-10-01 00:00:00
2874,874,40.0,2024-10-01 00:00:00
2875,875,50.0,2024-10-01 00:00:00
2876,876,60.0,2024-10-01 00:00:00
2877,877,70.0,2024-10-01 00:00:00
2878,878,80.0,2024-10-01 00:00:00
2879,879,90.0,2024-10-01 00:00:00
2880,880,100.0,2024-10-01 00:00:00
2881,881,10.0,2024-10-01 00:00:00
2882,882,20.0,2024-10-01 00:00:00
2883,883,30.0,2024-10-01 00:00:00
2884,884,40.0,2024-10-01 00:00:00
2885,885,50.0,2024-10-01 00:00:00
2886,886,60.0,2024-10-01 00:00:00
2887,887,70.0,2024-10-01 00:00:00
2888,888,80.0,2024-10-01 00:00:00
2889,889,90.0,2024-10-01 00:00:00
2890,890,100.0,2024-10-01 00:00:00
2891,891,10.0,2024-10-01 00:00:00
2892,892,20.0,2024-10-01 00:00:00
2893,893,30.0,2024-10-01 00:00:00
2894,894,40.0,2024-10-01 00:00:00
2895,895,50.0,2024-10-01 00:00:00
2896,896,60.0,2024-10-01 00:00:00
2897,897,70.0,2024-10-01 00:00:00
2898,898,80.0,2024-10-01 00:00:00
2899,899,90.0,2024-10-01 00:00:00
2900,900,100.0,2024-10-01 00:00:00
2901,901,10.0,2024-10-01 00:00:00
2902,902,20.0,2024-10-01 00:00:00
2903,903,30.0,2024-10-01 00:00:00
2904,904,40.0,2024-10-01 00:00:00
2905,905,50.0,2024-10-01 00:00:00
2906,906,60.0,2024-10-01 00:00:00
2907,907,70.0,2024-10-01 00:00:00
2908,908,80.0,2024-10-01 00:00:00
2909,909,90.0,2024-10-01 00:00:00
2910,910,100.0,2024-10-01 00:00:00
2911,911,10.0,2024-10-01 00:00:00
2912,912,20.0,2024-10-01 00:00:00
2913,913,30.0,2024-10-01 00:00:00
2914,914,40.0,2024-10-01 00:00:00
2915,915,50.0,2024-10-01 00:00:00
2916,916,60.0,2024-10-01 00:00:00
2917,917,70.0,2024-10-01 00:00:00
2918,918,80.0,2024-10-01 00:00:00
2919,919,90.0,2024-10-01 00:00:00
2920,920,100.0,2024-10-01 00:00:00
2921,921,10.0,2024-10-01 00:00:00
2922,922,20.0,2024-10-01 00:00:00
2923,923,30.0,2024-10-01 00:00:00
2924,924,40.0,2024-10-01 00:00:00
2925,925,50.0,2024-10-01 00:00:00
2926,926,60.0,2024-10-01 00:00:00
2927,927,70.0,2024-10-01 00:00:00
2928,928,80.0,2024-10-01 00:00:00
2929,929,90.0,2024-10-01 00:00:00
2930,930,100.0,2024-10-01 00:00:00
2931,931,10.0,2024-10-01 00:00:00
2932,932,20.0,2024-10-01 00:00:00
2933,933,30.0,2024-10-01 00:00:00
2934,934,40.0,2024-10-01 00:00:00
2935,935,50.0,2024-10-01 00:00:00
2936,936,60.0,2024-10-01 00:00:00
2937,937,70.0,2024-10-01 00:00:00
2938,938,80.0,2024-10-01 00:00:00
2939,939,90.0,2024-10-01 00:00:00
2940,940,100.0,2024-10-01 00:00:00
2941,941,10.0,2024-10-01 00:00:00
2942,942,20.0,2024-10-01 00:00:00
2943,943,30.0,2024-10-01 00:00:00
2944,944,40.0,2024-10-01 00:00:00
2945,945,50.0,2024-10-01 00:00:00
2946,946,60.0,2024-10-01 00:00:00
2947,947,70.0,2024-10-01 00:00:00
2948,948,80.0,2024-10-01 00:00:00
2949,949,90.0,2024-10-01 00:00:00
2950,950,100.0,2024-10-01 00:00:00
2951,951,10.0,2024-10-01 00:00:00
2952,952,20.0,2024-10-01 00:00:00
2953,953,30.0,2024-10-01 00:00:00
2954,954,40.0,2024-10-01 00:00:00
2955,955,50.0,2024-10-01 00:00:00
2956,956,60.0,2024-10-01 00:00:00
2957,957,70.0,2024-10-01 00:00:00
2958,958,80.0,2024-10-01 00:00:00
2959,959,90.0,2024-10-01 00:00:00
2960,960,100.0,2024-10-01 00:00:00
2961,961,10.0,2024-10-01 00:00:00
2962,962,20.0,2024-10-01 00:00:00
2963,963,30.0,2024-10-01 00:00:00
2964,964,40.0,2024-10-01 00:00:00
2965,965,50.0,2024-10-01 00:00:00
2966,966,60.0,2024-10-01 00:00:00
2967,967,70.0,2024-10-01 00:00:00
2968,968,80.0,2024-10-01 00:00:00
2969,969,90.0,2024-10-01 00:00:00
2970,970,100.0,2024-10-01 00:00:00
2971,971,10.0,2024-10-01 00:00:00
2972,972,20.0,2024-10-01 00:00:00
2973,973,30.0,2024-10-01 00:00:00
2974,974,40.0,2024-10-01 00:00:00
2975,975,50.0,2024-10-01 00:00:00
2976,976,60.0,2024-10-01 00:00:00
2977,977,70.0,2024-10-01 00:00:00
2978,978,80.0,2024-10-01 00:00:00
2979,979,90.0,2024-10-01 00:00:00
2980,980,100.0,2024-10-01 00:00:00
2981,981,10.0,2024-10-01 00:00:00
2982,982,20.0,2024-10-01 00:00:00
2983,983,30.0,2024-10-01 00:00:00
2984,984,40.0,2024-10-01 00:00:00
2985,985,50.0,2024-10-01 00:00:00
2986,986,60.0,2024-10-01 00:00:00
2987,987,70.0,2024-10-01 00:00:00
2988,988,80.0,2024-10-01 00:00:00
2989,989,90.0,2024-10-01 00:00:00
2990,990,100.0,2024-10-01 00:00:00
2991,991,10.0,2024-10-01 00:00:00
2992,992,20.0,2024-10-01 00:00:00
2993,993,30.0,2024-10-01 00:00:00
2994,994,40.0,2024-10-01 00:00:00
2995,995,50.0,2024-10-01 00:00:00
2996,996,60.0,2024-10-01 00:00:00
2997,997,70.0,2024-10-01 00:00:00
2998,998,80.0,2024-10-01 00:00:00
2999,999,90.0,2024-10-01 00:00:00
3000,1000,100.0,2024-10-01 00:00:00
